day,year,mo,da,collision_date,temp,dewp,slp,visib,wdsp,mxpsd,gust,max,min,prcp,sndp,fog,NUM_COLLISIONS
7,2018,09,23,2018-09-23,59.8,50.2,1023.4,10.0,3.0,5.1,999.9,78.1,53.1,0.0,999.9,0,475
6,2021,11,06,2021-11-06,43.1,29.7,1028.9,10.0,3.1,6.0,999.9,55.0,32.0,0.0,999.9,0,335
4,2018,12,20,2018-12-20,38.6,34.4,1020.2,9.6,5.0,7.0,999.9,48.0,21.0,0.0,999.9,0,806
2,2013,11,05,2013-11-05,43.5,30.4,1037.8,10.0,3.9,7.0,999.9,50.0,37.9,0.0,999.9,0,510
4,2021,10,07,2021-10-07,60.8,53.7,1025.4,9.4,2.8,7.0,999.9,72.0,51.1,0.0,999.9,0,368
3,2012,07,11,2012-07-11,77.1,62.0,1019.9,10.0,1.9,7.0,999.9,84.0,64.9,0.0,999.9,0,565
4,2012,08,09,2012-08-09,78.2,69.6,1013.6,9.3,2.3,7.0,15.0,88.0,61.0,0.0,999.9,0,581
4,2012,07,12,2012-07-12,77.4,60.2,1021.7,10.0,2.3,7.0,999.9,88.0,57.0,0.0,999.9,0,577
3,2021,10,13,2021-10-13,61.4,55.4,1016.9,8.6,2.8,7.0,999.9,73.0,53.1,0.0,999.9,1,312
5,2023,06,30,2023-06-30,65.6,63.5,1018.4,5.8,3.0,7.0,999.9,73.0,57.9,0.0,999.9,1,265
1,2012,09,17,2012-09-17,66.5,48.0,1018.3,10.0,2.2,7.0,999.9,77.0,48.2,0.0,999.9,0,452
4,2020,09,10,2020-09-10,70.8,69.5,1025.1,0.8,4.4,7.0,999.9,77.0,66.9,0.0,999.9,1,347
2,2017,09,26,2017-09-26,65.9,65.3,1016.8,2.6,3.4,7.0,999.9,77.0,59.0,0.12,999.9,1,656
1,2014,11,10,2014-11-10,48.2,42.2,1019.2,9.6,4.0,7.0,999.9,59.0,39.0,0.0,999.9,0,560
7,2022,10,30,2022-10-30,53.5,49.4,1024.6,9.6,4.9,7.0,999.9,66.0,44.1,0.0,999.9,1,290
1,2016,07,11,2016-07-11,63.1,58.4,1016.8,9.9,4.9,7.0,999.9,70.0,55.0,0.01,999.9,0,618
1,2019,07,08,2019-07-08,64.9,56.7,1014.7,10.0,4.2,7.0,999.9,75.0,54.0,0.0,999.9,0,592
5,2014,07,18,2014-07-18,69.6,59.4,1020.7,9.6,5.0,7.0,999.9,79.0,63.0,0.04,999.9,0,624
4,2016,09,22,2016-09-22,67.2,57.8,1020.9,10.0,3.7,7.0,999.9,79.0,57.9,0.0,999.9,0,660
5,2012,07,13,2012-07-13,78.9,60.7,1021.8,9.9,3.0,7.0,999.9,87.1,63.0,0.0,999.9,0,603
5,2012,08,24,2012-08-24,77.3,60.9,1020.7,9.3,2.0,7.0,999.9,87.1,66.0,0.0,999.9,0,601
5,2012,10,26,2012-10-26,60.8,53.4,1022.6,10.0,1.5,7.0,999.9,64.9,39.2,0.0,999.9,0,598
5,2019,03,01,2019-03-01,26.7,18.2,1026.9,10.0,4.0,7.0,999.9,35.1,16.0,0.0,999.9,0,711
5,2020,01,24,2020-01-24,37.3,33.7,1028.5,6.5,3.3,8.0,999.9,46.0,19.9,0.0,999.9,1,524
2,2014,12,16,2014-12-16,44.0,37.0,1019.7,9.6,4.2,8.0,999.9,48.0,33.1,0.0,999.9,0,645
2,2022,11,15,2022-11-15,42.6,29.7,1030.0,10.0,4.7,8.0,999.9,50.0,30.9,0.0,999.9,0,298
3,2015,11,25,2015-11-25,39.6,26.8,1038.6,10.0,4.3,8.0,999.9,50.0,28.9,0.0,999.9,0,717
5,2023,06,09,2023-06-09,56.8,53.5,1006.6,4.8,5.0,8.0,999.9,64.0,48.9,0.0,999.9,0,286
6,2020,10,03,2020-10-03,61.4,47.8,1021.2,10.0,4.9,8.0,999.9,68.0,50.0,0.0,999.9,0,323
3,2020,10,21,2020-10-21,64.9,63.1,1025.0,4.7,5.2,8.0,999.9,68.0,63.0,0.03,999.9,1,338
2,2020,09,29,2020-09-29,67.5,65.8,9999.9,6.1,5.5,8.0,999.9,68.0,66.0,0.0,999.9,1,317
7,2015,09,06,2015-09-06,66.6,55.9,1023.5,10.0,4.7,8.0,999.9,72.0,50.0,0.0,999.9,0,504
6,2014,06,28,2014-06-28,62.2,51.9,1024.1,9.5,4.8,8.0,999.9,72.0,52.0,0.02,999.9,0,611
6,2013,10,05,2013-10-05,61.3,57.7,1018.0,9.6,4.2,8.0,999.9,72.0,54.0,0.13,999.9,0,497
7,2018,07,15,2018-07-15,65.5,61.6,1016.5,8.6,5.3,8.0,999.9,72.0,55.9,0.0,999.9,1,564
1,2014,08,25,2014-08-25,63.3,56.5,1020.5,10.0,3.8,8.0,999.9,72.0,54.0,0.0,999.9,0,549
6,2012,07,28,2012-07-28,75.5,69.6,1012.2,7.0,3.9,8.0,15.9,84.0,68.0,0.0,999.9,1,513
1,2017,09,25,2017-09-25,64.2,63.7,1017.8,2.8,4.2,8.0,999.9,73.0,59.0,0.0,999.9,1,726
2,2020,09,08,2020-09-08,65.9,63.7,1020.7,5.2,4.2,8.0,999.9,77.0,57.2,0.0,999.9,1,337
7,2014,06,08,2014-06-08,64.9,55.5,1013.2,9.8,4.8,8.0,999.9,77.0,55.9,0.0,999.9,0,516
3,2020,09,09,2020-09-09,69.3,67.3,1025.0,4.3,4.2,8.0,999.9,77.0,57.9,0.0,999.9,1,292
5,2017,08,11,2017-08-11,67.6,65.8,1021.4,9.3,5.8,8.0,999.9,77.0,60.1,0.0,999.9,1,655
4,2014,07,17,2014-07-17,70.4,63.7,1013.3,7.7,4.5,8.0,999.9,77.0,66.2,0.01,999.9,1,587
7,2014,08,10,2014-08-10,69.1,61.4,1019.2,9.8,4.6,8.0,999.9,81.0,57.9,0.01,999.9,0,512
7,2016,03,06,2016-03-06,33.2,18.7,1024.3,10.0,3.1,8.0,999.9,41.0,23.0,0.0,999.9,0,500
6,2014,02,01,2014-02-01,35.6,25.1,1024.8,10.0,4.8,8.0,999.9,41.0,30.9,0.0,999.9,0,507
7,2013,04,28,2013-04-28,48.0,38.5,1027.1,9.8,3.9,8.0,999.9,57.0,37.0,0.0,999.9,0,440
1,2020,10,19,2020-10-19,55.6,48.9,1028.1,10.0,5.0,8.0,999.9,63.0,48.0,0.0,999.9,0,276
1,2014,09,15,2014-09-15,57.5,47.6,1022.0,10.0,3.6,8.0,999.9,66.0,46.9,0.0,999.9,0,610
5,2023,06,02,2023-06-02,60.9,59.4,1013.8,5.4,4.3,8.0,999.9,70.0,51.1,0.0,999.9,1,311
5,2016,10,07,2016-10-07,55.6,49.7,1025.3,6.9,2.7,8.0,999.9,70.0,44.1,0.0,999.9,1,754
1,2021,08,16,2021-08-16,70.2,60.2,1022.8,10.0,3.2,8.0,999.9,82.0,59.0,0.0,999.9,0,301
7,2012,07,22,2012-07-22,72.5,59.4,1020.3,10.0,2.0,8.0,999.9,82.0,54.0,0.0,999.9,0,498
5,2012,09,07,2012-09-07,77.0,67.8,1012.2,8.7,2.7,8.0,999.9,86.0,64.4,0.0,999.9,0,680
3,2012,08,08,2012-08-08,77.8,67.1,1014.7,8.8,1.1,8.0,999.9,86.0,64.0,0.0,999.9,0,528
7,2012,07,08,2012-07-08,80.6,65.5,1010.1,8.5,3.1,8.0,15.9,90.0,70.0,0.59,999.9,0,464
3,2022,09,21,2022-09-21,64.7,59.0,1012.8,9.8,5.7,8.0,999.9,75.0,61.0,0.0,999.9,0,335
3,2022,06,29,2022-06-29,66.8,62.2,1023.0,9.1,5.1,8.0,999.9,75.0,57.9,0.04,999.9,1,304
1,2018,09,17,2018-09-17,65.6,62.6,1020.6,7.9,5.0,8.0,999.9,75.0,55.9,0.0,999.9,1,673
4,2023,07,20,2023-07-20,71.7,68.4,1015.2,7.7,4.7,8.0,999.9,79.0,66.9,0.0,999.9,0,282
2,2021,08,03,2021-08-03,69.3,65.1,1019.1,7.6,4.0,8.0,999.9,79.0,59.0,0.0,999.9,1,313
3,2019,12,25,2019-12-25,35.6,28.9,1022.2,10.0,4.7,8.0,999.9,46.9,28.0,0.0,999.9,0,264
6,2013,04,27,2013-04-27,46.6,34.7,1029.1,8.6,3.9,8.0,999.9,55.9,35.1,0.0,999.9,1,517
7,2023,07,09,2023-07-09,69.9,68.6,1011.5,5.1,3.9,8.0,999.9,80.1,64.0,0.0,999.9,1,242
3,2012,08,22,2012-08-22,73.8,60.3,1019.6,9.8,1.7,8.0,999.9,80.1,61.0,0.0,999.9,0,504
1,2017,08,14,2017-08-14,67.7,65.2,1016.4,6.1,4.3,8.0,999.9,80.1,61.0,0.0,999.9,1,602
1,2015,07,13,2015-07-13,70.9,64.9,1013.8,8.3,5.3,8.0,999.9,80.1,66.0,0.0,999.9,0,668
1,2018,07,30,2018-07-30,71.3,66.7,1020.4,9.9,5.8,8.0,999.9,80.1,64.9,0.0,999.9,0,580
2,2018,07,31,2018-07-31,68.9,65.8,1020.4,8.4,4.9,8.0,999.9,80.1,64.0,0.0,999.9,1,709
6,2023,07,08,2023-07-08,71.1,69.1,1011.2,4.4,4.6,8.0,999.9,80.1,64.0,0.0,999.9,1,243
5,2019,06,28,2019-06-28,66.8,62.9,1020.2,6.3,4.4,8.0,999.9,80.1,57.0,0.0,999.9,1,753
2,2020,05,26,2020-05-26,58.2,56.0,1022.9,5.8,4.6,8.0,999.9,69.1,50.0,0.0,999.9,1,224
4,2017,07,06,2017-07-06,61.7,59.9,1021.8,9.9,5.9,8.0,999.9,78.1,53.1,0.0,999.9,0,611
1,2013,07,22,2013-07-22,68.3,65.9,1015.1,5.6,5.1,8.0,999.9,78.1,64.0,0.17,999.9,1,591
5,2014,07,11,2014-07-11,69.1,62.4,1021.9,6.5,4.3,8.0,999.9,78.1,64.0,0.03,999.9,1,642
4,2023,06,08,2023-06-08,57.6,51.8,1004.9,7.7,4.8,8.0,999.9,64.9,50.0,0.0,999.9,0,233
6,2022,10,22,2022-10-22,54.9,47.2,1024.8,10.0,3.5,8.0,999.9,64.9,43.0,0.0,999.9,0,326
2,2014,08,19,2014-08-19,63.9,56.9,1012.6,8.8,4.1,8.0,999.9,73.9,54.0,0.01,999.9,1,516
4,2015,06,18,2015-06-18,59.1,47.7,1019.3,10.0,3.9,8.0,999.9,66.9,48.9,0.0,999.9,0,615
2,2013,05,07,2013-05-07,54.4,49.9,1021.9,4.4,4.5,8.0,999.9,66.9,46.0,0.0,999.9,1,592
6,2022,09,03,2022-09-03,65.2,53.6,1025.7,10.0,4.7,8.0,999.9,75.9,53.1,0.0,999.9,0,298
6,2013,08,17,2013-08-17,67.3,59.8,1023.8,10.0,3.2,8.0,999.9,75.9,55.9,0.0,999.9,0,504
5,2019,07,05,2019-07-05,66.1,64.7,1021.4,4.7,3.9,8.0,999.9,75.9,59.0,0.0,999.9,1,542
1,2020,06,22,2020-06-22,68.6,63.4,1014.7,9.7,3.9,8.0,999.9,75.9,62.1,0.0,999.9,0,295
6,2017,09,16,2017-09-16,66.8,65.5,1020.8,4.6,2.8,8.0,999.9,75.9,61.0,0.0,999.9,1,623
7,2018,09,16,2018-09-16,63.9,59.5,1023.1,6.8,3.7,8.0,999.9,75.9,54.0,0.0,999.9,1,597
7,2013,08,18,2013-08-18,64.8,58.4,1023.8,8.4,3.3,8.0,999.9,75.9,55.9,0.01,999.9,1,442
4,2018,05,17,2018-05-17,54.1,54.1,1016.7,5.3,3.6,8.0,999.9,62.1,50.0,0.32,999.9,1,732
5,2021,12,31,2021-12-31,48.3,44.9,1014.2,8.5,3.4,8.0,999.9,51.1,45.0,0.0,999.9,0,232
2,2016,11,01,2016-11-01,46.2,37.1,1027.3,10.0,4.4,8.0,999.9,53.1,34.0,0.01,999.9,0,732
3,2020,01,22,2020-01-22,27.1,14.3,1029.8,10.0,4.2,8.9,999.9,34.0,17.1,0.0,999.9,0,489
4,2016,01,28,2016-01-28,35.0,24.4,1016.1,10.0,4.3,8.9,999.9,46.0,23.0,0.09,999.9,0,681
2,2020,02,25,2020-02-25,44.0,41.8,1014.5,5.6,5.4,8.9,999.9,50.0,28.9,0.05,999.9,1,527
1,2022,12,05,2022-12-05,39.0,29.6,1025.2,10.0,4.6,8.9,999.9,50.0,27.0,0.0,999.9,0,269
7,2020,04,05,2020-04-05,41.8,36.3,1017.5,10.0,6.0,8.9,999.9,50.0,35.1,0.01,999.9,0,94
1,2018,11,19,2018-11-19,46.7,41.0,1021.0,10.0,5.0,8.9,999.9,54.0,37.9,0.0,999.9,0,697
4,2023,04,27,2023-04-27,44.1,38.1,1024.2,10.0,4.8,8.9,999.9,54.0,36.0,0.0,999.9,0,237
5,2012,11,23,2012-11-23,48.3,40.8,1016.5,8.9,3.4,8.9,999.9,54.0,39.2,0.0,999.9,1,481
3,2013,09,25,2013-09-25,55.3,45.3,1012.3,10.0,4.5,8.9,999.9,64.0,44.1,0.0,999.9,0,539
2,2019,06,18,2019-06-18,60.4,58.8,1015.1,5.7,5.2,8.9,999.9,64.0,55.9,0.02,999.9,1,721
4,2016,05,12,2016-05-12,55.2,45.5,1020.0,9.4,4.4,8.9,999.9,68.0,42.1,0.0,999.9,0,744
3,2013,06,05,2013-06-05,58.6,45.6,1020.5,9.8,5.7,8.9,999.9,68.0,48.9,0.0,999.9,0,599
5,2019,06,07,2019-06-07,59.8,55.3,1012.6,9.8,4.8,8.9,999.9,72.0,51.1,0.22,999.9,0,734
2,2019,09,10,2019-09-10,62.8,57.5,1027.3,10.0,6.2,8.9,999.9,72.0,57.0,0.0,999.9,0,605
1,2019,09,09,2019-09-09,63.9,58.4,1023.2,9.8,4.5,8.9,999.9,72.0,57.0,0.0,999.9,0,603
7,2018,09,30,2018-09-30,61.0,53.5,1025.6,9.7,4.7,8.9,999.9,72.0,51.1,0.0,999.9,1,510
1,2013,06,10,2013-06-10,62.2,56.1,1021.3,9.3,6.0,8.9,999.9,72.0,53.1,0.0,999.9,0,624
2,2014,08,26,2014-08-26,63.0,56.0,1021.1,10.0,3.5,8.9,999.9,72.0,53.1,0.0,999.9,0,608
7,2014,06,29,2014-06-29,64.7,57.9,1024.0,9.5,5.0,8.9,999.9,72.0,55.9,0.01,999.9,0,537
4,2012,08,23,2012-08-23,74.7,61.7,1020.4,8.9,2.0,8.9,999.9,84.0,62.6,0.0,999.9,0,574
3,2013,07,17,2013-07-17,72.9,65.8,1020.8,9.9,5.6,8.9,999.9,84.0,66.9,0.0,999.9,0,609
6,2020,09,26,2020-09-26,63.6,60.9,1020.5,4.5,4.9,8.9,999.9,73.0,59.0,0.0,999.9,1,330
4,2023,07,06,2023-07-06,68.1,67.2,1015.0,2.2,6.8,8.9,999.9,73.0,66.0,0.0,999.9,1,264
2,2020,06,09,2020-06-09,61.9,55.5,1013.6,10.0,6.5,8.9,999.9,73.0,55.0,0.0,999.9,0,251
2,2021,10,12,2021-10-12,63.0,56.9,1019.3,10.0,6.1,8.9,999.9,73.0,55.9,0.0,999.9,0,321
7,2023,06,11,2023-06-11,61.5,56.7,1012.1,9.0,6.1,8.9,999.9,73.0,51.1,0.03,999.9,0,251
6,2023,07,01,2023-07-01,66.7,65.9,1018.4,3.6,4.3,8.9,999.9,73.0,57.9,0.0,999.9,1,229
6,2023,07,22,2023-07-22,69.5,67.9,1008.0,6.4,5.8,8.9,999.9,77.0,64.0,0.0,999.9,1,281
7,2021,08,01,2021-08-01,69.4,60.2,1013.9,10.0,6.2,8.9,999.9,77.0,61.0,0.0,999.9,0,303
4,2016,09,01,2016-09-01,71.5,67.0,1011.2,9.7,6.8,8.9,999.9,77.0,66.9,0.0,999.9,0,675
5,2018,07,20,2018-07-20,64.3,56.7,1021.6,10.0,3.3,8.9,999.9,77.0,54.0,0.0,999.9,0,700
5,2014,07,25,2014-07-25,67.4,60.8,1013.4,10.0,5.9,8.9,999.9,77.0,61.0,0.0,999.9,0,653
7,2022,07,10,2022-07-10,67.5,56.5,1017.7,10.0,5.0,8.9,999.9,77.0,57.0,0.0,999.9,0,250
5,2015,08,14,2015-08-14,70.4,63.5,1020.3,8.6,4.8,8.9,999.9,81.0,62.1,0.0,999.9,0,729
1,2012,08,27,2012-08-27,71.9,66.3,1019.7,8.6,2.7,8.9,18.1,81.0,55.4,0.01,999.9,1,548
1,2014,08,11,2014-08-11,66.3,59.2,1021.1,7.8,3.6,8.9,999.9,81.0,57.0,0.01,999.9,1,604
3,2015,08,19,2015-08-19,73.9,70.1,1018.9,6.3,5.4,8.9,999.9,81.0,69.1,0.0,999.9,1,594
1,2015,08,24,2015-08-24,71.7,69.2,1013.1,3.8,5.4,8.9,999.9,81.0,68.0,0.0,999.9,1,575
4,2016,07,07,2016-07-07,68.7,66.7,1010.4,4.1,5.9,8.9,999.9,81.0,64.0,0.0,999.9,1,603
7,2022,08,21,2022-08-21,71.3,66.9,1021.5,6.2,4.9,8.9,999.9,81.0,62.6,0.0,999.9,1,272
2,2018,12,11,2018-12-11,32.0,22.9,1019.5,10.0,4.5,8.9,999.9,43.0,25.0,0.0,999.9,0,707
6,2019,02,23,2019-02-23,34.8,27.7,1030.2,10.0,4.9,8.9,999.9,43.0,30.0,0.0,999.9,0,439
3,2019,05,01,2019-05-01,46.9,39.2,1030.0,10.0,4.7,8.9,999.9,55.0,39.9,0.0,999.9,0,599
4,2021,11,04,2021-11-04,48.5,33.9,1025.7,10.0,5.1,8.9,999.9,55.0,43.0,0.02,999.9,0,317
2,2017,05,09,2017-05-09,48.3,34.9,1014.8,10.0,6.2,8.9,999.9,55.0,39.9,0.0,999.9,0,651
2,2015,10,27,2015-10-27,46.7,36.2,1034.1,10.0,5.9,8.9,999.9,57.0,36.0,0.0,999.9,0,631
3,2013,11,06,2013-11-06,46.5,41.4,1030.4,10.0,3.7,8.9,999.9,57.0,36.0,0.0,999.9,0,635
7,2014,05,25,2014-05-25,53.7,44.4,1018.2,10.0,5.4,8.9,999.9,59.0,48.0,0.0,999.9,0,472
1,2013,04,29,2013-04-29,49.7,37.9,1025.5,9.9,4.3,8.9,999.9,59.0,39.9,0.0,999.9,0,598
4,2012,10,25,2012-10-25,58.0,51.3,1023.9,10.0,3.0,8.9,999.9,61.0,43.0,0.0,999.9,0,511
3,2016,11,09,2016-11-09,51.6,46.1,1009.9,8.8,4.6,8.9,999.9,61.0,39.0,0.0,999.9,1,541
1,2013,05,06,2013-05-06,49.2,43.4,1024.3,5.1,5.5,8.9,999.9,61.0,44.1,0.0,999.9,1,561
3,2016,10,12,2016-10-12,52.8,46.7,1028.3,10.0,5.2,8.9,999.9,63.0,42.1,0.0,999.9,0,498
4,2021,11,11,2021-11-11,49.9,38.4,1026.0,10.0,5.2,8.9,999.9,66.0,42.1,0.0,999.9,0,293
4,2019,04,25,2019-04-25,47.7,40.9,1013.3,9.9,5.6,8.9,999.9,66.0,39.9,0.02,999.9,0,518
4,2016,10,06,2016-10-06,57.3,50.9,1025.6,10.0,5.8,8.9,999.9,66.0,48.9,0.0,999.9,0,764
4,2023,06,01,2023-06-01,60.6,56.8,1019.2,9.3,4.2,8.9,999.9,70.0,45.0,0.0,999.9,1,333
2,2019,08,27,2019-08-27,60.4,54.5,1019.4,10.0,4.7,8.9,999.9,70.0,50.0,0.0,999.9,0,529
6,2022,10,15,2022-10-15,62.7,57.0,1015.2,7.1,4.2,8.9,999.9,70.0,57.0,0.08,999.9,1,275
5,2023,06,23,2023-06-23,63.4,61.5,1018.0,6.5,6.5,8.9,999.9,70.0,55.9,0.05,999.9,1,254
4,2023,08,24,2023-08-24,62.1,54.9,1019.7,10.0,4.4,8.9,999.9,70.0,52.0,0.0,999.9,0,215
6,2018,06,30,2018-06-30,71.1,65.4,1015.8,10.0,5.9,8.9,999.9,82.0,62.1,0.0,999.9,0,651
6,2015,08,22,2015-08-22,73.9,71.1,1017.2,4.8,6.0,8.9,999.9,82.0,70.0,0.0,999.9,1,581
7,2018,06,17,2018-06-17,66.7,56.6,1017.7,10.0,6.0,8.9,999.9,82.0,54.0,0.0,999.9,0,627
2,2015,07,21,2015-07-21,72.6,69.7,1003.7,3.6,5.4,8.9,999.9,82.0,68.0,0.0,999.9,1,606
3,2023,07,05,2023-07-05,68.6,67.9,1014.6,4.1,4.4,8.9,999.9,75.0,66.0,0.0,999.9,1,278
4,2017,08,03,2017-08-03,67.5,66.0,1020.6,9.1,5.8,8.9,999.9,75.0,61.0,0.0,999.9,1,713
4,2017,08,10,2017-08-10,67.8,66.0,1024.2,8.8,6.0,8.9,999.9,75.0,59.0,0.0,999.9,1,650
1,2018,07,16,2018-07-16,68.7,67.9,1015.6,2.6,4.7,8.9,999.9,75.0,61.0,0.0,999.9,1,719
6,2019,08,31,2019-08-31,70.3,60.1,1020.7,9.1,5.3,8.9,999.9,79.0,57.9,0.0,999.9,1,502
4,2015,08,13,2015-08-13,71.1,65.8,1014.7,8.4,5.2,8.9,999.9,79.0,63.0,0.0,999.9,1,714
2,2017,08,15,2017-08-15,67.8,66.8,1014.6,4.3,4.0,8.9,999.9,79.0,61.0,0.0,999.9,1,577
2,2022,08,23,2022-08-23,74.0,72.0,1011.2,8.1,5.0,8.9,999.9,79.0,69.1,0.49,999.9,1,273
2,2019,07,16,2019-07-16,70.3,65.9,1017.6,8.7,5.3,8.9,999.9,79.0,60.1,0.0,999.9,1,658
1,2012,07,30,2012-07-30,73.1,65.1,1018.6,10.0,2.2,8.9,999.9,79.0,64.9,0.01,999.9,0,530
4,2017,08,17,2017-08-17,68.0,60.8,1016.6,9.1,5.2,8.9,999.9,79.0,62.1,0.0,999.9,0,639
7,2022,08,14,2022-08-14,70.0,62.1,1017.5,10.0,4.3,8.9,999.9,79.0,59.0,0.0,999.9,0,305
7,2018,09,02,2018-09-02,67.0,64.0,1024.9,10.0,5.0,8.9,999.9,79.0,55.9,0.0,999.9,0,528
1,2016,01,25,2016-01-25,33.5,21.2,1021.4,10.0,6.5,8.9,999.9,37.9,30.0,0.02,999.9,0,658
3,2016,02,10,2016-02-10,33.5,28.0,1002.2,9.1,4.2,8.9,999.9,37.9,28.0,0.0,999.9,0,537
5,2020,01,31,2020-01-31,29.8,22.3,1027.4,10.0,3.3,8.9,999.9,39.9,19.0,0.0,999.9,0,518
6,2019,12,21,2019-12-21,33.3,25.6,1035.1,10.0,5.2,8.9,999.9,39.9,19.9,0.0,999.9,0,520
5,2017,04,14,2017-04-14,47.5,34.1,1027.8,10.0,5.0,8.9,999.9,57.9,37.9,0.0,999.9,0,515
2,2014,04,22,2014-04-22,49.5,43.2,1007.7,10.0,5.6,8.9,999.9,57.9,34.0,0.0,999.9,0,459
1,2020,08,24,2020-08-24,71.7,70.0,1016.1,2.3,5.9,8.9,999.9,80.1,66.0,0.0,999.9,1,320
3,2019,07,03,2019-07-03,70.2,65.1,1009.9,9.2,5.0,8.9,999.9,80.1,59.0,0.0,999.9,0,654
6,2015,07,25,2015-07-25,68.5,60.2,1015.0,9.7,4.4,8.9,999.9,80.1,60.1,0.0,999.9,0,451
4,2019,07,04,2019-07-04,66.6,63.7,1017.9,6.3,3.7,8.9,999.9,80.1,59.0,0.0,999.9,1,394
2,2016,08,09,2016-08-09,71.5,64.7,1021.5,10.0,6.6,8.9,27.0,80.1,62.1,0.0,999.9,0,650
2,2018,05,22,2018-05-22,54.6,49.5,1021.1,10.0,7.0,8.9,999.9,69.1,48.0,0.0,999.9,0,689
3,2020,05,27,2020-05-27,57.4,56.2,1024.4,2.0,5.6,8.9,999.9,69.1,53.1,0.0,999.9,1,239
7,2019,06,09,2019-06-09,57.7,43.7,1026.7,10.0,5.3,8.9,999.9,69.1,45.0,0.0,999.9,0,526
2,2017,07,18,2017-07-18,69.4,67.9,1019.6,4.0,5.5,8.9,999.9,78.1,62.1,0.0,999.9,1,706
5,2019,07,26,2019-07-26,67.1,58.9,1024.0,9.4,3.4,8.9,999.9,78.1,59.0,0.0,999.9,1,650
6,2014,08,09,2014-08-09,70.4,61.3,1017.2,9.9,6.4,8.9,999.9,78.1,60.1,0.0,999.9,0,538
3,2014,08,06,2014-08-06,70.1,65.7,1010.1,4.4,4.3,8.9,999.9,78.1,66.0,0.01,999.9,1,562
3,2013,07,31,2013-07-31,70.6,62.6,1019.3,10.0,6.7,8.9,999.9,78.1,64.9,0.0,999.9,0,553
4,2020,06,18,2020-06-18,59.8,59.4,1023.3,3.7,4.8,8.9,999.9,71.1,53.1,0.0,999.9,1,226
5,2013,09,20,2013-09-20,62.6,58.5,1018.4,9.5,6.2,8.9,999.9,71.1,53.6,0.01,999.9,0,631
7,2016,06,26,2016-06-26,60.8,49.4,1023.3,10.0,5.7,8.9,999.9,71.1,50.0,0.0,999.9,0,582
5,2013,10,04,2013-10-04,62.8,57.5,1017.7,9.3,5.2,8.9,999.9,71.1,53.6,0.01,999.9,1,658
1,2020,11,09,2020-11-09,54.8,51.0,1026.6,6.6,5.2,8.9,999.9,71.1,46.0,0.0,999.9,1,318
5,2018,08,17,2018-08-17,74.9,72.1,1018.0,6.3,5.1,8.9,999.9,87.1,66.0,0.0,999.9,1,703
4,2021,02,11,2021-02-11,26.2,18.5,1023.6,8.7,5.6,8.9,999.9,28.9,21.9,0.0,999.9,0,299
7,2015,03,01,2015-03-01,23.1,14.2,1037.5,9.1,5.1,8.9,999.9,30.9,10.0,0.0,999.9,0,693
5,2018,06,01,2018-06-01,58.6,58.4,1012.6,4.8,6.2,8.9,999.9,64.9,51.1,0.13,999.9,1,751
1,2016,09,26,2016-09-26,55.2,41.1,1021.6,10.0,5.3,8.9,999.9,64.9,44.1,0.0,999.9,0,623
6,2017,08,26,2017-08-26,64.1,56.8,1023.0,9.9,3.7,8.9,999.9,73.9,54.0,0.0,999.9,0,570
5,2022,07,08,2022-07-08,68.0,62.0,1016.1,10.0,7.0,8.9,999.9,73.9,60.1,0.0,999.9,0,296
5,2014,08,01,2014-08-01,67.5,62.9,1023.5,9.0,5.3,8.9,999.9,73.9,59.0,0.01,999.9,0,667
4,2019,06,27,2019-06-27,61.4,60.1,1019.2,5.6,4.2,8.9,999.9,73.9,57.0,0.13,999.9,1,734
2,2013,08,06,2013-08-06,66.2,54.5,1019.1,10.0,5.3,8.9,999.9,73.9,55.9,0.0,999.9,0,543
1,2017,07,31,2017-07-31,63.9,57.3,1017.8,10.0,4.2,8.9,999.9,73.9,50.0,0.0,999.9,0,656
2,2014,06,10,2014-06-10,63.8,60.7,1015.8,8.7,5.6,8.9,999.9,66.9,61.0,0.03,999.9,0,569
6,2017,10,14,2017-10-14,62.4,62.0,1026.6,6.7,5.5,8.9,999.9,66.9,52.0,0.0,999.9,0,567
6,2017,09,02,2017-09-02,58.7,45.2,1022.4,10.0,5.3,8.9,999.9,66.9,50.0,0.0,999.9,0,562
2,2013,10,22,2013-10-22,59.1,52.4,1012.5,10.0,6.1,8.9,999.9,66.9,39.9,0.0,999.9,0,540
1,2022,10,31,2022-10-31,56.6,53.8,1019.1,9.5,5.2,8.9,999.9,66.9,44.1,0.0,999.9,0,286
7,2017,10,22,2017-10-22,60.6,59.2,1028.8,10.0,6.9,8.9,999.9,66.9,46.9,0.0,999.9,0,528
7,2012,08,26,2012-08-26,73.9,62.4,1025.2,10.0,4.6,8.9,15.0,82.9,60.8,0.0,999.9,0,471
2,2016,08,30,2016-08-30,67.7,59.2,1020.0,10.0,6.1,8.9,999.9,82.9,59.0,0.0,999.9,0,622
5,2019,08,02,2019-08-02,71.6,64.1,1019.8,7.4,4.7,8.9,999.9,82.9,60.1,0.0,999.9,1,610
7,2017,09,17,2017-09-17,64.7,64.2,1021.4,4.8,3.4,8.9,999.9,75.9,60.1,0.0,999.9,1,586
5,2018,08,24,2018-08-24,67.1,61.5,1021.1,10.0,4.7,8.9,999.9,75.9,55.0,0.0,999.9,0,681
4,2015,09,17,2015-09-17,69.3,65.6,1020.7,7.8,5.9,8.9,999.9,75.9,48.9,0.0,999.9,1,744
4,2013,10,03,2013-10-03,65.8,56.3,1016.4,10.0,6.5,8.9,999.9,75.9,59.0,0.0,999.9,0,590
6,2020,08,08,2020-08-08,69.7,66.4,1020.6,5.1,6.1,8.9,999.9,75.9,63.0,0.0,999.9,1,260
7,2020,06,21,2020-06-21,65.2,62.5,1016.7,5.8,6.3,8.9,999.9,75.9,60.1,0.0,999.9,1,245
6,2019,07,27,2019-07-27,67.1,58.1,1025.2,10.0,4.9,8.9,999.9,75.9,55.9,0.0,999.9,0,602
5,2014,01,17,2014-01-17,38.6,35.8,1014.8,6.7,3.7,8.9,999.9,44.1,32.0,0.0,999.9,1,589
1,2021,01,11,2021-01-11,32.6,27.9,1024.6,10.0,4.5,8.9,999.9,44.1,21.0,0.0,999.9,0,238
3,2019,03,20,2019-03-20,36.9,27.1,1029.5,10.0,6.7,8.9,999.9,44.1,24.1,0.0,999.9,0,584
2,2020,01,14,2020-01-14,41.5,37.7,1026.2,8.8,5.3,8.9,999.9,44.1,37.9,0.0,999.9,0,497
6,2018,12,01,2018-12-01,38.3,31.9,1020.3,9.9,5.7,8.9,999.9,44.1,33.1,0.0,999.9,0,601
1,2013,10,14,2013-10-14,51.5,44.0,1027.0,10.0,4.6,8.9,999.9,62.1,41.0,0.0,999.9,0,440
6,2020,11,28,2020-11-28,50.6,44.4,1013.2,8.7,4.3,8.9,999.9,62.1,43.0,0.0,999.9,1,239
2,2014,03,25,2014-03-25,26.5,10.5,1019.8,10.0,4.1,8.9,999.9,35.1,15.1,0.0,999.9,0,474
3,2015,11,18,2015-11-18,42.9,33.8,1034.9,10.0,3.2,8.9,999.9,51.1,30.9,0.0,999.9,0,628
7,2014,12,21,2014-12-21,41.4,34.0,1024.2,9.8,7.1,9.9,999.9,46.0,36.0,0.06,999.9,0,409
4,2013,11,21,2013-11-21,39.0,26.7,1035.0,10.0,4.9,9.9,999.9,48.0,30.9,0.0,999.9,0,628
5,2017,11,24,2017-11-24,40.8,30.7,1016.1,10.0,6.9,9.9,999.9,50.0,33.1,0.0,999.9,0,502
2,2019,02,05,2019-02-05,43.0,42.1,1014.2,3.0,4.8,9.9,999.9,50.0,34.0,0.0,999.9,1,570
2,2020,10,20,2020-10-20,59.7,57.6,1025.5,8.0,7.2,9.9,999.9,64.0,54.0,0.0,999.9,1,336
5,2019,10,25,2019-10-25,55.9,51.1,1025.2,9.6,6.0,9.9,999.9,64.0,43.0,0.0,999.9,1,647
3,2023,05,31,2023-05-31,55.8,51.1,1023.0,10.0,6.3,9.9,999.9,68.0,45.0,0.0,999.9,0,265
3,2014,05,21,2014-05-21,56.3,47.6,1014.9,10.0,6.0,9.9,999.9,68.0,45.0,0.0,999.9,0,575
1,2014,06,09,2014-06-09,61.2,57.0,1015.2,7.1,5.6,9.9,999.9,68.0,55.0,0.0,999.9,1,528
4,2021,10,14,2021-10-14,64.8,60.3,1012.7,8.3,5.9,9.9,999.9,72.0,53.1,0.0,999.9,1,353
5,2021,10,15,2021-10-15,62.7,58.8,1013.6,6.5,5.9,9.9,999.9,72.0,57.9,0.0,999.9,1,381
4,2023,06,29,2023-06-29,66.8,65.1,1015.3,6.8,7.8,9.9,999.9,72.0,63.0,0.03,999.9,0,261
3,2013,08,28,2013-08-28,66.4,64.6,1012.0,3.9,6.8,9.9,999.9,72.0,62.6,0.67,999.9,1,482
3,2023,08,23,2023-08-23,64.3,53.7,1019.0,10.0,6.1,9.9,15.9,72.0,55.0,0.0,999.9,0,201
4,2014,06,19,2014-06-19,67.3,61.5,1013.6,9.7,6.5,9.9,999.9,72.0,63.7,0.0,999.9,0,675
6,2021,08,21,2021-08-21,75.3,71.8,1014.2,7.2,4.0,9.9,999.9,84.0,68.0,0.0,999.9,1,321
4,2022,08,25,2022-08-25,76.1,72.2,1016.0,8.7,5.5,9.9,999.9,84.0,70.0,0.0,999.9,1,277
1,2012,07,09,2012-07-09,78.5,56.8,1012.7,10.0,3.5,9.9,999.9,84.0,68.0,0.09,999.9,0,533
5,2022,07,22,2022-07-22,78.4,72.6,1010.3,6.4,6.8,9.9,999.9,88.0,71.1,0.0,999.9,0,334
4,2022,07,14,2022-07-14,71.8,69.1,1014.2,5.1,4.6,9.9,999.9,88.0,63.0,0.0,999.9,1,271
3,2012,10,03,2012-10-03,65.6,64.3,1016.6,1.5,3.5,9.9,999.9,73.0,62.6,0.45,999.9,1,502
7,2017,08,27,2017-08-27,62.3,53.6,1024.6,10.0,5.0,9.9,999.9,73.0,50.0,0.0,999.9,0,498
1,2014,06,23,2014-06-23,62.1,50.3,1019.7,10.0,4.1,9.9,999.9,73.0,52.0,0.0,999.9,0,644
5,2015,07,17,2015-07-17,64.9,57.6,1019.1,10.0,6.0,9.9,999.9,73.0,54.0,0.0,999.9,0,659
4,2020,09,17,2020-09-17,68.5,63.7,1018.3,10.0,7.5,9.9,999.9,73.0,64.9,0.0,999.9,0,322
3,2020,07,01,2020-07-01,64.4,61.5,1011.7,6.0,4.7,9.9,999.9,73.0,60.1,0.0,999.9,1,259
7,2023,06,25,2023-06-25,65.5,65.2,1011.2,1.2,6.2,9.9,999.9,73.0,62.1,0.13,999.9,1,288
1,2019,09,02,2019-09-02,64.9,60.9,1021.2,10.0,6.4,9.9,999.9,73.0,55.9,0.0,999.9,0,427
3,2017,09,27,2017-09-27,68.7,68.6,1014.0,1.5,4.7,9.9,999.9,77.0,62.1,0.0,999.9,1,696
6,2023,08,12,2023-08-12,69.6,68.0,1012.9,7.1,5.5,9.9,999.9,77.0,60.1,0.17,999.9,1,297
2,2014,09,02,2014-09-02,71.1,69.4,1013.1,1.7,6.8,9.9,999.9,77.0,68.0,0.01,999.9,1,700
4,2021,07,15,2021-07-15,72.6,70.6,1019.0,1.0,6.7,9.9,999.9,77.0,64.9,0.0,999.9,1,372
1,2022,06,06,2022-06-06,63.2,52.3,1016.7,10.0,6.1,9.9,999.9,77.0,53.1,0.0,999.9,0,311
4,2018,07,19,2018-07-19,67.9,57.5,1016.8,10.0,6.3,9.9,999.9,77.0,59.0,0.0,999.9,0,739
4,2015,09,10,2015-09-10,73.8,71.2,1011.3,5.6,5.6,9.9,999.9,77.0,71.6,99.99,999.9,1,716
5,2018,07,13,2018-07-13,64.8,55.1,1024.2,10.0,5.0,9.9,999.9,77.0,54.0,0.0,999.9,0,726
5,2015,09,18,2015-09-18,70.1,66.5,1017.8,7.9,6.4,9.9,999.9,77.0,48.9,0.0,999.9,1,760
4,2016,06,30,2016-06-30,68.9,63.6,1014.4,5.9,6.4,9.9,999.9,77.0,63.0,0.0,999.9,1,761
2,2019,08,06,2019-08-06,68.9,65.5,1013.4,9.8,7.2,9.9,999.9,77.0,63.0,0.0,999.9,0,551
3,2012,08,15,2012-08-15,73.6,68.9,1011.5,6.5,3.5,9.9,999.9,81.0,66.2,0.01,999.9,1,602
3,2018,07,04,2018-07-04,71.7,70.5,1025.7,4.8,6.8,9.9,999.9,81.0,62.1,0.0,999.9,1,406
2,2012,08,14,2012-08-14,76.0,62.6,1014.0,9.6,2.3,9.9,999.9,81.0,69.1,0.0,999.9,0,520
4,2020,08,20,2020-08-20,68.4,59.9,1016.1,10.0,6.2,9.9,999.9,81.0,61.0,0.0,999.9,0,306
1,2018,08,06,2018-08-06,74.8,73.4,1018.6,6.3,7.2,9.9,999.9,81.0,70.0,0.0,999.9,0,632
1,2017,08,21,2017-08-21,69.9,65.6,1020.4,9.8,5.9,9.9,999.9,81.0,61.0,0.0,999.9,0,627
7,2012,07,01,2012-07-01,83.6,63.0,1008.9,9.7,4.1,9.9,18.1,93.0,66.0,0.0,999.9,0,538
7,2014,02,09,2014-02-09,30.3,18.2,1018.7,10.0,4.9,9.9,999.9,37.0,21.9,0.0,999.9,0,450
4,2021,02,18,2021-02-18,29.2,19.5,1031.1,7.5,6.1,9.9,999.9,37.0,23.0,0.0,999.9,1,256
5,2016,01,29,2016-01-29,41.3,36.8,999.4,10.0,5.9,9.9,999.9,45.0,23.0,0.0,999.9,0,645
5,2018,03,23,2018-03-23,37.5,31.9,1012.6,10.0,7.0,9.9,999.9,45.0,30.0,0.07,999.9,0,732
3,2022,12,21,2022-12-21,38.1,30.1,1030.0,10.0,5.4,9.9,999.9,45.0,30.0,0.0,999.9,0,268
5,2017,01,20,2017-01-20,39.9,32.5,1015.5,10.0,4.3,9.9,999.9,45.0,37.0,0.0,999.9,0,605
1,2018,05,14,2018-05-14,50.5,49.6,1016.9,6.4,5.5,9.9,999.9,57.0,48.0,0.0,999.9,1,689
7,2019,10,20,2019-10-20,49.3,44.1,1018.2,10.0,3.9,9.9,999.9,59.0,39.0,0.0,999.9,0,500
6,2020,03,28,2020-03-28,42.3,33.0,1020.4,9.9,5.8,9.9,999.9,59.0,30.0,0.0,999.9,0,183
3,2012,10,24,2012-10-24,57.1,53.5,1019.9,6.4,4.1,9.9,999.9,59.0,51.8,0.07,999.9,0,494
1,2020,05,18,2020-05-18,52.5,45.9,1022.7,10.0,5.7,9.9,999.9,61.0,41.0,0.0,999.9,0,185
4,2021,04,29,2021-04-29,50.4,48.8,1007.2,4.4,5.9,9.9,999.9,61.0,46.9,0.06,999.9,1,324
6,2017,05,27,2017-05-27,57.5,48.6,1011.4,10.0,7.2,9.9,999.9,63.0,51.1,0.03,999.9,0,475
7,2012,11,11,2012-11-11,54.7,45.1,1030.8,7.0,1.6,9.9,999.9,63.0,37.4,0.0,999.9,0,526
1,2016,10,03,2016-10-03,60.5,56.1,1016.2,9.9,4.4,9.9,999.9,66.0,57.0,0.0,999.9,0,490
3,2015,10,07,2015-10-07,57.0,50.5,1014.1,10.0,5.4,9.9,999.9,66.0,48.9,0.0,999.9,0,668
7,2022,10,16,2022-10-16,61.2,57.7,1014.5,9.3,5.4,9.9,999.9,70.0,51.1,0.0,999.9,1,248
2,2012,10,02,2012-10-02,63.7,54.2,1015.5,7.3,2.4,9.9,999.9,70.0,60.1,0.0,999.9,0,593
6,2016,05,21,2016-05-21,55.7,48.8,1021.0,9.7,6.5,9.9,999.9,70.0,46.0,0.0,999.9,0,568
7,2014,08,03,2014-08-03,66.4,64.6,1019.1,6.0,5.1,9.9,999.9,70.0,61.0,0.6,999.9,1,476
3,2016,07,27,2016-07-27,75.4,66.3,1012.4,10.0,7.0,9.9,999.9,82.0,70.0,0.0,999.9,0,690
2,2017,07,04,2017-07-04,72.0,61.5,1016.5,9.8,5.8,9.9,999.9,82.0,61.0,0.0,999.9,0,424
1,2016,08,08,2016-08-08,71.3,61.3,1015.4,10.0,6.3,9.9,999.9,82.0,62.1,0.0,999.9,0,632
2,2012,07,10,2012-07-10,76.5,56.3,1016.0,10.0,3.4,9.9,999.9,86.0,61.0,0.0,999.9,0,524
3,2018,09,05,2018-09-05,69.2,64.7,1024.1,9.3,4.8,9.9,999.9,86.0,61.0,0.0,999.9,1,768
5,2018,08,10,2018-08-10,76.9,68.4,1010.2,9.6,6.4,9.9,999.9,86.0,68.0,0.04,999.9,0,707
1,2018,07,02,2018-07-02,68.4,64.9,1018.9,8.7,4.7,9.9,999.9,86.0,63.0,0.0,999.9,0,719
7,2021,07,11,2021-07-11,68.9,63.0,1019.8,8.8,6.3,9.9,999.9,75.0,64.4,0.0,999.9,1,263
6,2016,09,03,2016-09-03,63.2,57.5,1022.0,10.0,5.7,9.9,999.9,75.0,55.9,0.0,999.9,0,498
6,2014,07,26,2014-07-26,66.9,63.2,1015.8,9.8,6.9,9.9,999.9,75.0,61.0,0.0,999.9,0,534
1,2015,07,27,2015-07-27,71.1,66.5,1017.3,9.9,8.3,9.9,999.9,75.0,61.0,0.0,999.9,0,626
5,2022,08,12,2022-08-12,70.7,67.6,1013.6,9.6,3.9,9.9,999.9,75.0,64.9,0.19,999.9,0,351
4,2013,08,08,2013-08-08,67.8,64.0,1020.1,10.0,6.7,9.9,999.9,75.0,54.0,0.0,999.9,0,549
2,2023,07,18,2023-07-18,71.1,69.6,1015.7,4.6,5.2,9.9,999.9,79.0,66.9,0.03,999.9,1,245
3,2018,09,12,2018-09-12,71.0,69.6,1023.0,3.1,4.0,9.9,999.9,79.0,66.0,0.0,999.9,1,783
7,2019,08,18,2019-08-18,71.2,69.7,1016.4,4.2,4.0,9.9,999.9,79.0,62.1,0.0,999.9,1,481
7,2019,09,01,2019-09-01,63.8,56.6,1026.5,10.0,6.9,9.9,999.9,79.0,55.9,0.0,999.9,0,473
3,2013,08,21,2013-08-21,70.3,66.7,1020.1,7.1,6.5,9.9,999.9,79.0,64.0,0.0,999.9,1,562
5,2012,07,06,2012-07-06,81.9,62.3,1011.7,10.0,3.1,9.9,999.9,91.0,66.9,0.0,999.9,0,638
7,2013,01,13,2013-01-13,45.4,44.9,1020.7,4.3,5.8,9.9,999.9,46.9,44.1,0.01,999.9,1,373
7,2016,03,27,2016-03-27,40.0,32.8,1028.8,9.8,5.4,9.9,999.9,46.9,37.0,0.0,999.9,0,459
3,2021,12,29,2021-12-29,43.9,36.4,1012.1,10.0,4.1,9.9,999.9,48.9,39.9,0.01,999.9,0,192
6,2020,01,04,2020-01-04,45.4,43.9,1005.6,3.6,5.7,9.9,999.9,48.9,44.1,0.08,999.9,1,353
7,2020,12,20,2020-12-20,38.5,33.2,1023.1,10.0,3.8,9.9,999.9,48.9,25.0,0.0,999.9,0,194
4,2018,03,29,2018-03-29,41.6,40.3,1017.6,8.1,6.5,9.9,999.9,48.9,35.1,0.0,999.9,0,613
4,2016,11,24,2016-11-24,42.2,34.3,1025.6,10.0,6.0,9.9,15.0,48.9,30.0,0.0,999.9,0,428
2,2020,02,11,2020-02-11,44.1,42.8,1017.5,3.1,6.0,9.9,999.9,48.9,41.0,0.31,999.9,1,458
1,2019,02,04,2019-02-04,39.7,36.7,1019.4,7.5,7.3,9.9,999.9,48.9,28.0,0.0,999.9,0,651
7,2017,12,03,2017-12-03,42.6,36.3,1023.2,10.0,6.1,9.9,999.9,48.9,35.1,0.0,999.9,0,448
2,2013,01,29,2013-01-29,35.4,34.9,1019.0,2.6,4.9,9.9,999.9,37.4,33.1,0.08,999.9,1,542
7,2015,02,08,2015-02-08,34.5,29.9,1015.9,7.6,6.0,9.9,999.9,37.9,21.9,0.0,999.9,0,394
1,2017,04,24,2017-04-24,46.6,42.4,1021.9,10.0,7.6,9.9,999.9,55.9,42.1,0.0,999.9,0,541
6,2017,11,25,2017-11-25,50.1,47.2,1010.6,10.0,7.8,9.9,999.9,55.9,34.0,0.0,999.9,0,456
2,2019,11,26,2019-11-26,46.5,42.5,1015.7,10.0,5.4,9.9,999.9,55.9,35.1,0.0,999.9,1,702
5,2023,04,28,2023-04-28,46.1,41.6,1023.3,8.4,5.9,9.9,999.9,57.9,35.6,0.0,999.9,0,305
6,2013,11,16,2013-11-16,51.2,43.6,1025.0,9.6,6.5,9.9,999.9,57.9,46.9,0.0,999.9,0,612
5,2014,05,30,2014-05-30,49.7,42.2,1019.4,10.0,5.7,9.9,999.9,57.9,41.0,0.0,999.9,0,650
4,2012,09,13,2012-09-13,70.4,54.8,1027.4,10.0,3.2,9.9,999.9,80.1,62.1,0.0,999.9,0,632
6,2019,08,03,2019-08-03,70.3,66.6,1018.0,10.0,6.3,9.9,999.9,80.1,60.1,0.0,999.9,0,566
5,2015,08,28,2015-08-28,71.4,59.5,1019.4,10.0,6.6,9.9,999.9,80.1,62.1,0.0,999.9,0,609
5,2012,09,14,2012-09-14,70.5,57.7,1023.4,9.7,2.3,9.9,999.9,80.1,55.4,0.0,999.9,0,609
1,2019,08,19,2019-08-19,73.3,72.1,1015.6,3.5,6.3,9.9,999.9,80.1,68.0,0.0,999.9,1,563
3,2012,09,12,2012-09-12,68.5,49.7,1026.5,10.0,2.1,9.9,999.9,80.1,55.0,0.0,999.9,0,651
4,2018,05,31,2018-05-31,55.1,54.6,1019.2,3.7,6.5,9.9,999.9,69.1,50.0,0.0,999.9,1,698
1,2021,07,05,2021-07-05,63.6,57.7,1018.5,10.0,5.5,9.9,999.9,69.1,55.9,0.14,999.9,0,322
2,2022,10,11,2022-10-11,58.9,53.5,1024.7,9.8,5.3,9.9,999.9,69.1,46.0,0.0,999.9,1,278
3,2019,06,19,2019-06-19,62.3,59.6,1011.6,6.7,6.8,9.9,999.9,69.1,57.9,0.32,999.9,1,591
3,2013,05,01,2013-05-01,49.9,41.4,1030.2,7.4,7.0,9.9,999.9,60.8,39.9,0.0,999.9,1,576
1,2012,08,20,2012-08-20,71.4,56.7,1012.5,10.0,0.8,9.9,999.9,78.1,64.0,0.0,999.9,0,473
2,2023,07,25,2023-07-25,70.8,67.8,1019.3,10.0,5.4,9.9,999.9,78.1,64.9,0.0,999.9,0,300
3,2012,08,01,2012-08-01,72.2,68.4,1012.4,7.8,2.5,9.9,999.9,78.1,66.9,0.55,999.9,1,616
6,2012,08,18,2012-08-18,69.8,63.7,1011.3,8.4,4.1,9.9,999.9,78.1,62.6,0.01,999.9,0,540
4,2013,08,01,2013-08-01,68.9,64.7,1016.5,9.8,5.3,9.9,999.9,78.1,63.0,0.01,999.9,0,643
6,2014,07,19,2014-07-19,65.0,54.1,1024.2,10.0,5.0,9.9,999.9,78.1,55.9,0.0,999.9,0,480
6,2016,07,30,2016-07-30,70.8,66.9,1015.0,9.0,5.3,9.9,999.9,78.1,64.9,0.81,999.9,0,599
5,2012,10,05,2012-10-05,67.8,59.7,1016.7,8.4,3.3,9.9,999.9,78.1,60.8,0.0,999.9,0,693
6,2017,10,07,2017-10-07,63.8,63.5,1021.1,3.9,5.7,9.9,999.9,71.1,61.0,0.0,999.9,1,570
6,2014,08,30,2014-08-30,60.1,51.2,1025.5,10.0,6.3,9.9,999.9,71.1,46.0,0.0,999.9,0,510
7,2020,11,08,2020-11-08,58.8,51.0,1025.7,8.5,4.7,9.9,999.9,71.1,48.9,0.0,999.9,0,326
5,2016,06,03,2016-06-03,58.4,55.9,1018.3,7.8,6.7,9.9,999.9,64.4,55.0,0.0,999.9,0,710
1,2012,11,12,2012-11-12,56.7,50.2,1029.8,7.4,2.9,9.9,17.1,64.9,48.0,0.0,999.9,1,547
2,2014,10,28,2014-10-28,54.3,48.0,1017.5,9.9,6.1,9.9,999.9,64.9,39.9,0.0,999.9,0,571
4,2012,10,18,2012-10-18,56.8,46.7,1016.1,9.7,3.1,9.9,15.9,64.9,42.8,0.0,999.9,0,630
6,2022,09,10,2022-09-10,71.7,63.7,1021.5,9.9,5.4,9.9,999.9,84.9,60.1,0.0,999.9,0,272
3,2019,07,10,2019-07-10,71.5,65.8,1016.8,7.3,6.4,9.9,999.9,84.9,60.1,0.0,999.9,1,553
6,2016,07,16,2016-07-16,73.5,67.3,1015.4,7.0,6.4,9.9,999.9,84.9,66.9,0.0,999.9,0,623
7,2022,07,31,2022-07-31,74.8,64.8,1020.4,10.0,6.3,9.9,999.9,84.9,64.9,0.0,999.9,0,288
4,2016,08,04,2016-08-04,64.2,57.8,1021.4,10.0,4.6,9.9,999.9,73.9,55.9,0.0,999.9,0,715
6,2016,06,04,2016-06-04,60.2,58.0,1015.6,4.2,5.3,9.9,999.9,73.9,54.0,0.0,999.9,1,635
2,2015,06,30,2015-06-30,67.1,61.8,1015.7,9.3,7.1,9.9,999.9,73.9,57.0,0.0,999.9,0,622
6,2022,09,17,2022-09-17,62.7,48.3,1023.7,10.0,6.4,9.9,999.9,73.9,53.1,0.0,999.9,0,262
6,2023,06,17,2023-06-17,62.2,60.3,1003.4,8.3,5.1,9.9,999.9,73.9,59.0,0.23,999.9,0,269
4,2019,07,18,2019-07-18,71.4,71.0,1013.2,2.0,4.9,9.9,999.9,73.9,69.1,0.0,999.9,1,620
3,2013,08,07,2013-08-07,64.5,55.9,1022.0,9.9,5.1,9.9,999.9,73.9,54.0,0.0,999.9,0,508
5,2016,08,05,2016-08-05,65.3,60.4,1017.2,9.3,5.0,9.9,999.9,73.9,55.0,0.0,999.9,1,700
7,2018,07,08,2018-07-08,61.7,52.8,1027.4,10.0,3.8,9.9,999.9,73.9,51.1,0.0,999.9,0,545
1,2013,07,29,2013-07-29,69.2,67.1,1017.1,6.5,5.3,9.9,999.9,73.9,64.0,0.02,999.9,0,597
6,2018,07,14,2018-07-14,64.9,59.5,1021.4,10.0,4.7,9.9,999.9,73.9,54.0,0.0,999.9,0,577
2,2012,07,17,2012-07-17,84.6,63.3,1009.3,9.4,3.5,9.9,18.1,93.9,70.0,0.0,999.9,0,648
5,2016,09,16,2016-09-16,57.7,47.7,1026.5,10.0,6.4,9.9,15.0,66.9,48.0,0.0,999.9,0,780
4,2022,11,03,2022-11-03,54.3,47.6,1028.6,9.8,4.9,9.9,999.9,66.9,42.1,0.0,999.9,0,318
2,2014,10,14,2014-10-14,63.2,58.4,1025.4,10.0,8.2,9.9,999.9,66.9,59.0,0.0,999.9,0,697
2,2014,09,16,2014-09-16,61.2,50.8,1017.0,10.0,6.5,9.9,999.9,66.9,46.9,0.0,999.9,0,613
6,2018,10,06,2018-10-06,55.5,46.3,1023.0,10.0,6.0,9.9,999.9,66.9,46.0,0.0,999.9,0,544
2,2019,08,20,2019-08-20,75.5,68.2,1017.0,10.0,6.8,9.9,999.9,82.9,66.9,0.0,999.9,0,574
4,2019,08,01,2019-08-01,74.3,70.3,1017.3,5.9,6.0,9.9,999.9,82.9,68.0,0.0,999.9,1,618
2,2012,08,07,2012-08-07,75.2,58.1,1015.7,10.0,1.2,9.9,999.9,82.9,63.0,0.01,999.9,0,547
3,2021,07,21,2021-07-21,74.2,70.7,1010.6,3.1,6.2,9.9,999.9,82.9,66.9,0.0,999.9,1,330
1,2013,07,15,2013-07-15,76.3,71.2,1021.6,9.3,5.7,9.9,999.9,82.9,69.1,0.0,999.9,0,581
3,2023,07,12,2023-07-12,73.0,68.5,1012.7,9.6,7.8,9.9,999.9,82.9,64.9,0.0,999.9,0,279
1,2018,08,13,2018-08-13,69.1,68.1,1016.9,7.7,6.2,9.9,999.9,75.9,64.9,0.05,999.9,1,617
6,2013,07,13,2013-07-13,67.9,66.3,1024.4,3.3,6.2,9.9,999.9,75.9,63.0,0.01,999.9,1,575
6,2022,06,25,2022-06-25,68.6,64.9,1018.4,8.7,7.0,9.9,999.9,75.9,54.0,0.0,999.9,0,364
6,2014,09,27,2014-09-27,63.5,55.3,1020.7,9.9,6.2,9.9,999.9,75.9,53.1,0.01,999.9,0,600
5,2020,09,25,2020-09-25,64.6,61.0,1018.5,7.0,7.2,9.9,999.9,75.9,55.0,0.0,999.9,1,348
3,2021,07,14,2021-07-14,69.1,67.3,1022.1,1.2,6.4,9.9,999.9,75.9,63.0,0.0,999.9,1,331
6,2018,09,15,2018-09-15,65.9,61.0,1022.9,9.3,5.8,9.9,999.9,75.9,57.0,0.0,999.9,1,596
6,2014,07,12,2014-07-12,65.7,58.8,1023.4,9.9,4.4,9.9,999.9,75.9,57.9,0.01,999.9,0,550
7,2022,06,26,2022-06-26,67.4,65.2,1019.6,4.8,5.7,9.9,999.9,75.9,60.1,0.0,999.9,1,343
6,2018,08,25,2018-08-25,66.5,60.3,1025.9,9.0,5.8,9.9,999.9,75.9,55.0,0.0,999.9,1,552
7,2014,09,28,2014-09-28,63.3,58.5,1020.5,9.9,4.4,9.9,999.9,75.9,53.1,0.0,999.9,0,512
5,2015,05,29,2015-05-29,65.4,57.4,1024.6,9.2,5.7,9.9,999.9,75.9,60.1,0.0,999.9,0,813
7,2021,08,29,2021-08-29,68.4,61.5,1023.5,10.0,6.0,9.9,999.9,75.9,63.0,99.99,999.9,0,358
6,2020,07,18,2020-07-18,70.2,67.9,1017.6,3.2,6.2,9.9,999.9,75.9,55.0,0.0,999.9,1,316
5,2021,08,27,2021-08-27,79.3,72.2,1018.0,7.0,6.6,9.9,999.9,91.9,69.1,0.0,999.9,1,349
3,2021,01,13,2021-01-13,35.8,25.2,1016.4,10.0,5.8,9.9,999.9,42.1,27.0,0.0,999.9,0,245
3,2018,04,11,2018-04-11,37.9,33.0,1021.0,10.0,6.5,9.9,999.9,44.1,30.0,0.0,999.9,0,612
2,2019,10,29,2019-10-29,55.1,49.4,1026.8,9.9,7.7,9.9,999.9,60.1,52.0,0.0,999.9,0,639
6,2016,10,15,2016-10-15,50.5,38.8,1029.1,10.0,6.2,9.9,999.9,60.1,41.0,0.0,999.9,0,641
6,2018,04,28,2018-04-28,49.5,48.3,1010.7,5.1,6.3,9.9,999.9,60.1,39.9,0.13,999.9,1,604
7,2018,04,29,2018-04-29,50.5,48.7,1010.3,9.2,5.9,9.9,15.0,60.1,43.0,0.0,999.9,0,505
2,2012,12,04,2012-12-04,51.9,47.1,1022.8,5.6,2.9,9.9,999.9,62.1,37.4,0.04,999.9,1,621
1,2014,10,13,2014-10-13,50.9,43.2,1027.7,10.0,4.2,9.9,999.9,62.1,39.0,0.0,999.9,0,451
5,2022,05,06,2022-05-06,53.0,47.6,1015.6,9.8,5.9,9.9,999.9,62.1,48.9,0.0,999.9,0,365
5,2021,05,21,2021-05-21,49.7,48.5,1032.9,3.8,4.9,9.9,999.9,62.1,45.0,0.0,999.9,1,384
2,2012,11,27,2012-11-27,38.7,27.2,1024.2,7.0,4.4,9.9,999.9,44.6,33.8,0.0,999.9,0,583
4,2021,12,30,2021-12-30,47.4,42.1,1014.2,9.9,5.4,9.9,999.9,51.1,41.0,0.0,999.9,0,223
6,2015,02,28,2015-02-28,22.2,9.9,1037.3,10.0,7.2,11.1,15.0,28.0,16.0,0.0,999.9,0,538
1,2022,01,31,2022-01-31,22.9,6.6,1025.3,10.0,5.9,11.1,999.9,30.0,12.0,0.0,999.9,0,312
3,2013,01,09,2013-01-09,39.9,37.6,1026.2,6.8,5.3,11.1,999.9,46.0,28.0,0.0,999.9,1,487
4,2012,12,13,2012-12-13,40.3,24.6,1029.8,10.0,1.7,11.1,999.9,46.0,32.0,0.0,999.9,0,545
3,2016,12,07,2016-12-07,42.8,37.1,1013.5,8.8,7.6,11.1,19.0,46.0,39.0,0.14,999.9,0,637
4,2014,01,16,2014-01-16,40.8,39.3,1010.6,4.6,5.9,11.1,999.9,46.0,32.0,0.0,999.9,0,521
5,2018,12,14,2018-12-14,37.9,32.3,1033.0,10.0,6.2,11.1,999.9,46.0,23.0,0.0,999.9,0,841
5,2021,01,15,2021-01-15,41.3,35.3,1015.4,8.7,6.6,11.1,999.9,46.0,34.0,0.0,999.9,0,272
4,2019,03,14,2019-03-14,39.0,33.6,1026.2,10.0,7.2,11.1,999.9,46.0,28.0,0.0,999.9,0,611
4,2021,01,14,2021-01-14,41.3,35.5,1011.5,8.8,5.7,11.1,999.9,46.0,30.9,0.0,999.9,0,253
7,2019,12,29,2019-12-29,38.4,30.4,1021.7,10.0,6.8,11.1,999.9,48.0,30.9,0.0,999.9,0,384
3,2014,04,02,2014-04-02,39.3,28.6,1019.1,10.0,5.6,11.1,999.9,48.0,32.0,0.0,999.9,0,519
2,2017,03,21,2017-03-21,39.9,26.4,1011.2,10.0,7.9,11.1,999.9,50.0,34.0,0.0,999.9,0,636
1,2013,12,02,2013-12-02,44.0,42.1,1014.2,7.0,7.1,11.1,999.9,50.0,39.0,0.07,999.9,1,549
1,2020,02,24,2020-02-24,41.1,36.7,1018.9,8.9,7.7,11.1,999.9,50.0,28.9,0.0,999.9,1,493
3,2020,03,18,2020-03-18,43.9,34.2,1028.4,10.0,8.3,11.1,999.9,52.0,36.0,0.49,999.9,0,298
6,2015,12,05,2015-12-05,45.6,34.0,1035.5,10.0,6.1,11.1,999.9,52.0,35.1,0.0,999.9,0,629
6,2022,01,01,2022-01-01,50.4,47.4,1013.2,7.0,5.9,11.1,999.9,54.0,46.9,0.02,999.9,1,283
7,2020,05,17,2020-05-17,49.4,42.9,1025.8,10.0,7.0,11.1,999.9,54.0,41.0,0.0,999.9,0,171
7,2015,04,26,2015-04-26,46.1,34.0,1004.6,9.8,7.4,11.1,999.9,54.0,37.0,0.0,999.9,0,477
3,2021,04,14,2021-04-14,46.1,37.9,1017.3,10.0,7.1,11.1,999.9,54.0,37.0,0.0,999.9,0,295
3,2022,06,01,2022-06-01,57.9,50.6,1015.7,10.0,5.9,11.1,999.9,64.0,54.0,0.04,999.9,0,312
6,2015,05,16,2015-05-16,55.5,50.3,1023.7,9.9,7.5,11.1,999.9,64.0,48.0,0.0,999.9,0,650
6,2014,10,04,2014-10-04,59.4,57.3,1007.1,6.8,5.7,11.1,22.0,64.0,57.0,0.02,999.9,1,531
3,2015,11,04,2015-11-04,57.0,49.3,1026.2,9.7,7.4,11.1,999.9,64.0,43.0,0.0,999.9,0,672
7,2022,05,22,2022-05-22,60.7,57.1,1016.9,6.5,7.8,11.1,999.9,68.0,55.0,0.48,999.9,0,319
7,2018,06,24,2018-06-24,62.7,61.5,1010.4,3.7,5.9,11.1,999.9,68.0,57.0,1.03,999.9,1,553
4,2019,10,24,2019-10-24,55.5,45.3,1023.6,10.0,6.7,11.1,999.9,68.0,43.0,0.24,999.9,0,613
5,2013,06,21,2013-06-21,62.0,56.1,1025.9,10.0,8.3,11.1,999.9,68.0,57.0,0.05,999.9,0,690
3,2014,11,12,2014-11-12,56.5,53.5,1012.9,6.0,5.2,11.1,999.9,68.0,45.0,0.0,999.9,1,546
6,2023,06,10,2023-06-10,58.2,54.4,1007.3,5.9,4.5,11.1,999.9,68.0,48.9,0.0,999.9,1,291
1,2015,10,12,2015-10-12,60.2,55.1,1011.2,9.7,7.6,11.1,999.9,68.0,46.0,0.0,999.9,0,505
6,2013,10,19,2013-10-19,57.3,45.0,1013.9,10.0,6.2,11.1,15.9,68.0,46.9,0.0,999.9,0,471
5,2020,10,23,2020-10-23,62.0,53.9,1022.7,9.5,7.4,11.1,15.0,68.0,57.0,0.0,999.9,1,337
4,2020,10,22,2020-10-22,65.0,60.6,1024.0,5.3,5.0,11.1,999.9,72.0,57.0,0.0,999.9,1,264
7,2016,07,31,2016-07-31,67.5,64.8,1018.4,6.7,6.8,11.1,999.9,72.0,64.4,0.0,999.9,1,529
6,2022,05,14,2022-05-14,60.3,58.6,1020.7,1.0,7.7,11.1,999.9,72.0,53.1,0.0,999.9,1,277
5,2022,05,13,2022-05-13,58.6,56.4,1026.4,2.4,6.5,11.1,999.9,72.0,48.9,0.0,999.9,1,332
6,2017,07,15,2017-07-15,64.3,62.7,1013.9,8.4,5.6,11.1,999.9,72.0,60.1,0.11,999.9,0,649
4,2014,09,18,2014-09-18,61.1,47.4,1014.7,10.0,5.0,11.1,15.0,72.0,48.0,0.0,999.9,0,650
5,2022,08,26,2022-08-26,75.0,72.3,1015.2,5.1,6.2,11.1,999.9,84.0,70.0,0.0,999.9,1,297
3,2020,07,22,2020-07-22,72.7,68.1,1017.6,7.8,4.6,11.1,999.9,88.0,64.9,0.0,999.9,1,290
2,2020,07,21,2020-07-21,77.6,66.1,1014.3,8.3,8.6,11.1,17.1,88.0,69.1,0.0,999.9,1,331
2,2021,07,27,2021-07-27,76.7,66.6,1013.1,6.0,7.6,11.1,999.9,88.0,68.0,0.0,999.9,1,318
4,2020,08,27,2020-08-27,66.9,53.6,1008.8,9.9,6.4,11.1,999.9,73.0,63.0,0.0,999.9,0,343
7,2015,09,13,2015-09-13,68.2,65.0,1008.0,8.8,8.4,11.1,15.9,73.0,63.0,99.99,999.9,0,478
2,2014,07,22,2014-07-22,67.1,63.5,1020.4,5.9,5.4,11.1,999.9,73.0,60.1,0.02,999.9,1,587
6,2023,06,24,2023-06-24,64.9,64.4,1014.2,3.4,6.5,11.1,999.9,73.0,59.0,0.08,999.9,1,285
1,2023,06,26,2023-06-26,67.0,66.3,1010.8,2.6,6.7,11.1,999.9,73.0,63.0,0.0,999.9,1,287
1,2014,09,29,2014-09-29,65.9,63.2,1015.5,9.2,6.7,11.1,999.9,73.0,53.1,0.02,999.9,0,566
1,2020,06,08,2020-06-08,62.6,51.1,1013.8,10.0,7.3,11.1,15.0,73.0,55.9,0.0,999.9,0,235
5,2014,06,20,2014-06-20,64.6,48.8,1013.2,9.8,6.0,11.1,999.9,73.0,52.0,0.08,999.9,0,765
6,2016,06,18,2016-06-18,62.6,53.5,1021.7,10.0,7.3,11.1,999.9,73.0,53.1,0.0,999.9,0,700
7,2014,06,22,2014-06-22,63.2,49.2,1014.6,9.9,6.0,11.1,999.9,73.0,48.0,0.0,999.9,0,477
5,2023,07,07,2023-07-07,66.5,65.8,1012.9,3.3,6.7,11.1,999.9,73.0,64.0,0.0,999.9,1,269
7,2020,09,27,2020-09-27,66.7,63.0,1017.6,9.2,7.2,11.1,999.9,73.0,61.0,0.0,999.9,1,315
7,2020,07,05,2020-07-05,63.1,61.0,1015.0,4.4,5.0,11.1,999.9,73.0,60.1,0.0,999.9,1,290
6,2021,05,15,2021-05-15,58.9,47.2,1022.5,10.0,7.9,11.1,999.9,73.0,50.0,0.0,999.9,0,321
6,2018,06,09,2018-06-09,62.9,55.8,1018.7,9.8,5.7,11.1,999.9,77.0,45.0,0.06,999.9,0,706
7,2022,09,04,2022-09-04,68.0,60.8,1021.3,10.0,5.8,11.1,999.9,77.0,53.1,0.0,999.9,0,250
1,2020,07,13,2020-07-13,70.3,67.5,1008.7,4.9,8.0,11.1,999.9,77.0,68.0,0.0,999.9,1,290
1,2022,09,05,2022-09-05,70.2,62.0,1020.6,10.0,7.1,11.1,999.9,77.0,57.0,0.0,999.9,0,254
7,2018,06,10,2018-06-10,61.5,49.5,1017.3,9.4,6.8,11.1,999.9,77.0,54.0,0.0,999.9,1,533
3,2023,08,16,2023-08-16,66.6,65.1,1012.9,9.7,7.9,11.1,999.9,77.0,64.0,0.24,999.9,1,249
6,2019,08,17,2019-08-17,67.5,65.3,1017.6,3.8,7.1,11.1,999.9,77.0,62.1,0.0,999.9,1,533
4,2018,07,12,2018-07-12,68.2,59.5,1019.9,10.0,6.8,11.1,999.9,77.0,60.1,0.0,999.9,0,642
5,2017,07,28,2017-07-28,69.2,66.9,1011.3,10.0,8.5,11.1,999.9,77.0,55.9,0.02,999.9,0,685
6,2015,07,04,2015-07-04,62.9,55.4,1015.2,8.0,6.2,11.1,999.9,77.0,55.9,0.0,999.9,0,389
3,2017,07,12,2017-07-12,70.8,70.2,1015.2,1.8,7.3,11.1,999.9,77.0,64.9,0.0,999.9,1,677
2,2013,07,30,2013-07-30,71.2,64.3,1018.0,7.8,7.8,11.1,999.9,77.0,66.2,0.01,999.9,1,584
7,2018,08,26,2018-08-26,68.2,60.3,1021.4,10.0,5.4,11.1,999.9,77.0,57.0,0.0,999.9,0,528
3,2017,07,05,2017-07-05,67.9,58.5,1021.9,9.9,6.5,11.1,999.9,81.0,57.9,0.0,999.9,0,706
6,2015,08,15,2015-08-15,71.8,67.0,1020.0,8.2,6.7,11.1,999.9,81.0,62.1,0.0,999.9,1,582
5,2020,07,24,2020-07-24,73.7,69.7,1017.4,7.8,6.3,11.1,15.9,81.0,68.0,99.99,999.9,1,312
6,2022,08,20,2022-08-20,74.2,70.9,1021.2,8.8,6.7,11.1,999.9,81.0,64.4,0.0,999.9,1,310
3,2021,08,18,2021-08-18,73.1,65.6,1024.0,10.0,7.1,11.1,999.9,81.0,61.0,0.0,999.9,0,334
4,2018,07,05,2018-07-05,71.7,71.0,1025.4,1.6,6.2,11.1,999.9,81.0,66.9,0.0,999.9,1,720
4,2016,07,28,2016-07-28,72.2,69.0,1013.1,9.7,7.2,11.1,999.9,81.0,68.0,0.0,999.9,0,709
7,2020,08,23,2020-08-23,72.3,68.9,1017.0,8.1,7.0,11.1,999.9,81.0,66.0,0.0,999.9,1,316
1,2022,08,01,2022-08-01,72.7,68.6,1017.6,9.3,6.1,11.1,999.9,81.0,64.9,0.03,999.9,0,294
1,2017,12,18,2017-12-18,32.7,23.9,1021.3,9.7,4.6,11.1,999.9,43.0,24.1,0.0,999.9,0,706
4,2020,01,23,2020-01-23,32.3,26.5,1029.2,9.7,4.7,11.1,999.9,45.0,17.1,0.0,999.9,0,451
1,2013,03,11,2013-03-11,39.9,34.7,1026.1,10.0,6.5,11.1,999.9,45.0,36.0,0.0,999.9,0,522
3,2013,12,04,2013-12-04,39.8,31.7,1017.2,9.8,6.4,11.1,999.9,45.0,30.9,0.0,999.9,0,520
2,2013,02,26,2013-02-26,35.0,26.7,1025.2,10.0,5.0,11.1,15.9,45.0,27.0,0.02,999.9,0,537
5,2022,12,30,2022-12-30,48.3,43.9,1025.4,9.0,8.6,11.1,999.9,55.0,39.0,0.0,999.9,0,298
1,2022,04,25,2022-04-25,47.8,34.1,1024.9,10.0,5.5,11.1,15.9,57.0,39.0,0.0,999.9,0,256
2,2016,11,08,2016-11-08,47.2,38.2,1020.5,10.0,7.1,11.1,999.9,57.0,39.0,0.0,999.9,0,620
5,2015,11,27,2015-11-27,52.6,48.4,1034.2,9.8,7.5,11.1,999.9,59.0,45.0,0.0,999.9,0,480
2,2014,05,06,2014-05-06,52.2,40.5,1011.1,9.6,5.7,11.1,999.9,59.0,46.9,0.01,999.9,0,565
2,2017,05,30,2017-05-30,53.5,49.6,1021.0,8.1,7.9,11.1,999.9,61.0,50.0,0.01,999.9,0,647
6,2015,10,31,2015-10-31,48.9,37.4,1020.4,10.0,5.7,11.1,17.1,61.0,35.1,0.0,999.9,0,357
1,2021,04,19,2021-04-19,50.9,43.1,1010.4,10.0,8.1,11.1,999.9,61.0,43.0,0.0,999.9,0,320
7,2022,05,01,2022-05-01,52.2,40.4,1019.4,10.0,7.8,11.1,999.9,63.0,42.1,0.0,999.9,0,278
7,2017,10,01,2017-10-01,55.5,46.8,1025.7,10.0,7.9,11.1,999.9,63.0,48.0,0.08,999.9,0,571
4,2022,05,26,2022-05-26,54.7,47.7,1027.3,10.0,7.7,11.1,999.9,63.0,44.1,0.0,999.9,0,310
4,2013,10,17,2013-10-17,59.4,57.4,1011.5,7.9,6.1,11.1,999.9,63.0,55.0,0.01,999.9,0,574
2,2013,05,28,2013-05-28,56.6,49.6,1023.2,9.9,6.4,11.1,999.9,63.0,46.9,0.0,999.9,0,686
2,2013,04,30,2013-04-30,51.0,30.2,1026.2,10.0,5.2,11.1,999.9,63.0,39.9,0.0,999.9,0,576
6,2022,04,23,2022-04-23,49.6,34.7,1027.4,10.0,6.8,11.1,999.9,66.0,39.9,0.0,999.9,0,285
7,2018,05,06,2018-05-06,52.5,49.7,1018.6,8.1,6.9,11.1,999.9,66.0,48.9,0.0,999.9,1,495
7,2020,10,04,2020-10-04,61.0,51.5,1024.2,10.0,7.0,11.1,999.9,66.0,52.0,0.0,999.9,0,269
7,2016,07,10,2016-07-10,63.0,60.1,1010.6,6.8,7.7,11.1,999.9,70.0,59.0,0.1,999.9,1,508
2,2018,10,09,2018-10-09,63.1,59.0,1027.5,10.0,8.6,11.1,999.9,70.0,57.0,0.0,999.9,0,628
5,2021,07,23,2021-07-23,73.6,62.0,1018.1,10.0,6.6,11.1,999.9,82.0,66.9,0.0,999.9,0,324
7,2022,08,28,2022-08-28,71.4,64.2,1021.6,9.9,7.4,11.1,18.1,82.0,64.9,0.0,999.9,0,284
3,2015,07,15,2015-07-15,72.3,68.8,1004.1,6.8,4.5,11.1,999.9,82.0,62.1,0.01,999.9,1,611
6,2018,08,11,2018-08-11,68.8,66.2,1015.2,9.0,5.8,11.1,999.9,86.0,64.0,0.0,999.9,0,568
7,2022,09,11,2022-09-11,72.7,63.8,1020.1,9.7,4.5,11.1,999.9,86.0,62.1,0.0,999.9,0,260
6,2012,08,04,2012-08-04,77.9,71.7,1021.1,5.7,4.1,11.1,18.1,90.0,71.1,0.0,999.9,1,568
3,2017,08,09,2017-08-09,67.1,63.5,1021.1,8.2,6.5,11.1,999.9,75.0,59.0,0.81,999.9,1,655
4,2021,06,17,2021-06-17,64.9,53.3,1013.2,9.7,5.1,11.1,999.9,75.0,53.1,0.0,999.9,1,388
2,2017,06,27,2017-06-27,64.3,61.6,1016.3,9.9,7.8,11.1,999.9,75.0,57.9,0.0,999.9,0,757
3,2014,07,30,2014-07-30,67.3,60.6,1015.5,9.3,5.5,11.1,999.9,75.0,59.0,0.0,999.9,0,605
1,2023,07,24,2023-07-24,70.1,66.8,1019.6,9.6,6.1,11.1,999.9,75.0,64.0,0.0,999.9,0,247
4,2014,07,31,2014-07-31,67.7,62.9,1019.8,9.6,6.3,11.1,999.9,75.0,59.0,0.01,999.9,0,626
2,2022,09,27,2022-09-27,68.9,64.0,1010.3,9.3,8.8,11.1,999.9,75.0,64.9,0.0,999.9,0,228
1,2017,08,07,2017-08-07,67.5,64.2,1018.9,10.0,7.8,11.1,26.0,75.0,59.0,0.0,999.9,0,606
6,2018,09,01,2018-09-01,65.0,59.4,1026.7,10.0,7.2,11.1,17.1,75.0,55.9,0.0,999.9,0,529
2,2016,09,20,2016-09-20,71.1,69.3,1019.3,8.7,5.6,11.1,999.9,75.0,66.0,0.22,999.9,0,619
1,2013,08,12,2013-08-12,68.2,63.2,1016.8,10.0,7.2,11.1,999.9,75.0,60.1,0.0,999.9,0,519
6,2022,07,16,2022-07-16,69.9,65.8,1020.6,8.1,5.6,11.1,999.9,79.0,60.1,0.0,999.9,1,277
1,2022,08,15,2022-08-15,69.7,62.5,1016.7,10.0,6.4,11.1,999.9,79.0,59.0,0.0,999.9,0,241
7,2022,07,03,2022-07-03,71.3,67.3,1015.0,6.6,7.3,11.1,999.9,79.0,68.0,1.65,999.9,0,250
7,2017,06,25,2017-06-25,68.8,60.1,1013.0,9.4,7.6,11.1,999.9,79.0,59.0,0.0,999.9,0,590
4,2015,06,25,2015-06-25,68.7,57.9,1015.5,10.0,7.4,11.1,999.9,79.0,62.1,0.0,999.9,0,670
4,2017,08,24,2017-08-24,70.0,60.2,1011.9,10.0,5.6,11.1,999.9,79.0,63.0,0.0,999.9,0,631
5,2022,07,15,2022-07-15,73.1,67.2,1019.6,7.5,5.6,11.1,999.9,79.0,63.0,0.0,999.9,1,312
3,2012,07,04,2012-07-04,81.8,65.6,1009.1,9.2,3.6,11.1,999.9,91.0,68.0,0.06,999.9,0,432
5,2013,02,15,2013-02-15,38.6,33.2,1017.0,9.8,6.0,11.1,999.9,46.9,28.0,0.0,999.9,0,604
2,2018,02,06,2018-02-06,30.0,20.2,1026.9,10.0,4.8,11.1,999.9,46.9,19.9,0.12,999.9,0,545
3,2022,02,02,2022-02-02,41.5,36.7,1032.3,7.7,6.8,11.1,999.9,46.9,25.0,0.0,999.9,0,268
5,2022,03,11,2022-03-11,39.8,34.6,1019.7,9.6,5.2,11.1,999.9,46.9,30.0,0.0,999.9,0,329
1,2018,01,22,2018-01-22,36.4,35.9,1023.6,7.6,4.0,11.1,999.9,48.9,27.0,0.0,999.9,0,559
2,2015,03,24,2015-03-24,31.4,16.3,1024.7,10.0,6.7,11.1,999.9,37.9,21.0,0.0,999.9,0,601
7,2013,03,03,2013-03-03,37.4,29.3,1002.6,10.0,7.1,11.1,999.9,39.9,36.0,0.0,999.9,0,502
6,2021,12,04,2021-12-04,38.8,21.4,1018.5,10.0,6.5,11.1,999.9,55.9,33.1,0.0,999.9,0,278
5,2015,12,11,2015-12-11,52.2,50.0,1014.0,6.1,5.8,11.1,999.9,57.9,46.0,0.0,999.9,1,694
2,2023,04,25,2023-04-25,48.9,44.6,1019.6,8.6,5.0,11.1,999.9,57.9,44.1,0.0,999.9,1,257
2,2018,04,24,2018-04-24,44.7,41.7,1030.4,10.0,6.7,11.1,999.9,57.9,34.0,0.0,999.9,0,671
4,2018,06,07,2018-06-07,51.5,48.0,1020.1,10.0,6.5,11.1,999.9,57.9,43.0,0.0,999.9,0,693
3,2013,10,30,2013-10-30,46.8,38.6,1025.8,10.0,5.2,11.1,999.9,57.9,34.0,0.0,999.9,0,558
7,2012,09,02,2012-09-02,75.4,65.9,1017.7,9.8,3.2,11.1,999.9,80.1,62.1,0.0,999.9,0,421
2,2018,08,14,2018-08-14,72.8,71.4,1013.0,4.5,6.9,11.1,999.9,80.1,64.9,0.0,999.9,1,701
2,2015,07,28,2015-07-28,72.4,68.7,1016.2,9.0,7.2,11.1,999.9,80.1,68.0,0.0,999.9,1,643
2,2019,07,09,2019-07-09,69.0,61.7,1015.8,9.7,6.5,11.1,999.9,80.1,54.0,0.0,999.9,0,661
6,2015,08,29,2015-08-29,70.3,62.5,1021.8,10.0,7.0,11.1,999.9,80.1,62.1,0.0,999.9,0,539
6,2020,07,25,2020-07-25,69.6,66.7,1018.0,5.5,3.9,11.1,999.9,80.1,60.1,0.0,999.9,1,291
2,2021,08,17,2021-08-17,69.9,60.9,1023.7,10.0,5.6,11.1,999.9,80.1,59.0,0.0,999.9,0,286
6,2021,07,17,2021-07-17,74.2,72.1,1017.9,0.9,7.6,11.1,999.9,80.1,70.0,0.0,999.9,1,339
5,2015,06,19,2015-06-19,65.6,58.0,1013.2,10.0,7.4,11.1,14.0,80.1,48.9,0.0,999.9,0,732
7,2013,08,11,2013-08-11,69.5,56.7,1017.0,10.0,7.5,11.1,999.9,80.1,60.1,0.0,999.9,0,481
5,2022,11,04,2022-11-04,59.7,56.5,1028.4,8.1,6.6,11.1,999.9,69.1,42.1,0.0,999.9,1,287
4,2022,06,02,2022-06-02,60.9,55.8,1009.4,9.1,7.5,11.1,999.9,69.1,54.0,0.0,999.9,1,317
3,2013,09,18,2013-09-18,56.1,42.7,1025.2,10.0,5.8,11.1,999.9,69.1,43.0,0.0,999.9,0,571
6,2013,09,28,2013-09-28,59.2,50.1,1024.6,10.0,7.4,11.1,999.9,69.1,50.0,0.0,999.9,0,547
7,2015,06,07,2015-06-07,59.5,45.8,1020.5,10.0,7.7,11.1,999.9,69.1,51.1,0.14,999.9,0,559
4,2021,08,26,2021-08-26,76.7,71.8,1019.3,9.4,6.9,11.1,999.9,89.1,69.1,0.0,999.9,0,343
3,2021,08,25,2021-08-25,78.2,71.3,1017.6,10.0,6.6,11.1,999.9,89.1,71.1,0.0,999.9,0,336
7,2021,08,08,2021-08-08,75.4,67.9,1018.2,9.8,7.3,11.1,999.9,89.1,69.1,0.0,999.9,0,314
3,2020,08,19,2020-08-19,70.4,62.6,1012.9,8.8,5.8,11.1,19.0,78.1,62.6,0.0,999.9,1,286
7,2021,09,05,2021-09-05,70.3,63.1,1013.4,10.0,7.4,11.1,999.9,78.1,62.1,0.0,999.9,0,293
4,2020,07,09,2020-07-09,70.9,67.4,1016.6,8.2,7.7,11.1,999.9,78.1,64.9,0.0,999.9,0,313
7,2019,08,04,2019-08-04,73.3,70.4,1012.6,9.9,7.9,11.1,999.9,78.1,60.1,0.0,999.9,0,499
1,2017,07,17,2017-07-17,67.3,66.8,1018.5,3.9,5.7,11.1,999.9,78.1,62.1,0.0,999.9,1,639
2,2015,07,07,2015-07-07,68.1,64.3,1019.7,7.4,8.2,11.1,999.9,78.1,62.1,0.0,999.9,0,646
2,2013,08,20,2013-08-20,71.0,64.7,1017.3,9.5,7.0,11.1,999.9,78.1,57.0,0.01,999.9,0,542
7,2019,09,22,2019-09-22,64.6,62.1,1021.0,6.4,6.5,11.1,999.9,78.1,57.0,0.0,999.9,1,515
3,2022,10,12,2022-10-12,61.8,56.8,1023.7,9.9,6.7,11.1,999.9,71.1,46.9,0.0,999.9,0,314
2,2018,10,02,2018-10-02,64.7,62.1,1022.8,9.5,6.6,11.1,999.9,71.1,52.0,0.0,999.9,0,613
2,2016,06,28,2016-06-28,66.1,64.0,1017.2,7.5,8.1,11.1,999.9,71.1,60.1,0.0,999.9,1,675
4,2016,06,23,2016-06-23,63.0,59.4,1012.3,8.3,7.0,11.1,999.9,71.1,55.9,0.0,999.9,1,643
4,2012,08,02,2012-08-02,75.0,68.4,1011.3,6.2,2.7,11.1,999.9,87.1,66.2,0.11,999.9,1,570
2,2021,08,31,2021-08-31,77.0,70.2,1007.7,8.3,7.9,11.1,999.9,87.1,70.0,99.99,999.9,1,310
3,2021,09,01,2021-09-01,73.4,67.5,1009.6,10.0,5.6,11.1,999.9,87.1,68.0,99.99,999.9,0,319
7,2019,06,02,2019-06-02,56.9,54.7,1008.0,5.1,6.9,11.1,999.9,64.9,52.0,0.0,999.9,1,515
6,2015,05,09,2015-05-09,54.3,50.9,1026.1,4.4,6.4,11.1,999.9,64.9,46.9,0.0,999.9,1,560
2,2021,11,02,2021-11-02,52.6,36.4,1021.6,10.0,5.2,11.1,999.9,64.9,41.0,0.0,999.9,0,276
4,2019,07,11,2019-07-11,66.8,65.7,1015.9,2.2,5.8,11.1,999.9,84.9,64.0,0.0,999.9,1,658
4,2020,08,06,2020-08-06,74.1,61.4,1019.4,6.4,6.7,11.1,999.9,84.9,66.0,0.0,999.9,1,356
7,2016,07,17,2016-07-17,70.6,68.7,1019.1,4.1,6.6,11.1,999.9,84.9,66.9,0.0,999.9,1,574
7,2022,05,29,2022-05-29,63.8,56.2,1015.8,8.7,7.9,11.1,999.9,73.9,57.0,0.0,999.9,1,282
5,2019,08,16,2019-08-16,66.6,64.4,1017.6,7.8,7.0,11.1,999.9,73.9,62.1,0.0,999.9,1,523
2,2020,06,30,2020-06-30,66.3,62.4,1011.4,7.9,5.6,11.1,999.9,73.9,62.1,0.13,999.9,0,278
5,2020,06,05,2020-06-05,60.4,58.9,1013.8,3.9,7.4,11.1,999.9,73.9,59.0,0.0,999.9,1,248
2,2018,07,03,2018-07-03,66.9,66.2,1021.5,2.9,6.2,11.1,999.9,73.9,61.0,0.0,999.9,1,678
5,2023,06,16,2023-06-16,63.8,59.7,1006.1,9.9,7.9,11.1,999.9,73.9,57.9,0.0,999.9,0,309
5,2023,08,04,2023-08-04,67.2,59.3,1016.7,10.0,7.9,11.1,999.9,73.9,55.0,0.0,999.9,0,269
5,2017,09,15,2017-09-15,67.9,67.7,1016.3,6.7,6.3,11.1,999.9,73.9,64.0,0.02,999.9,1,827
5,2014,01,10,2014-01-10,28.8,22.6,1034.1,9.7,5.8,11.1,999.9,39.2,12.9,0.0,999.9,0,667
4,2015,11,05,2015-11-05,58.9,55.9,1025.8,9.1,7.6,11.1,999.9,66.9,48.9,0.0,999.9,1,690
4,2016,10,13,2016-10-13,59.6,56.6,1020.1,9.9,7.3,11.1,999.9,66.9,42.1,0.0,999.9,0,757
6,2020,08,01,2020-08-01,72.6,66.2,1012.6,8.5,5.1,11.1,999.9,82.9,62.1,0.0,999.9,1,375
2,2021,07,20,2021-07-20,74.3,69.2,1012.0,8.6,6.9,11.1,999.9,82.9,66.9,0.0,999.9,1,286
3,2020,07,29,2020-07-29,75.3,67.6,1012.7,7.5,6.3,11.1,999.9,82.9,72.0,99.99,999.9,0,318
3,2022,07,27,2022-07-27,74.7,64.5,1013.6,10.0,6.8,11.1,999.9,82.9,68.0,0.04,999.9,0,287
5,2017,08,04,2017-08-04,67.7,66.7,1019.7,2.9,6.3,11.1,999.9,75.9,61.0,0.0,999.9,1,758
1,2013,09,02,2013-09-02,70.8,68.7,1010.3,7.0,7.7,11.1,999.9,75.9,68.0,0.0,999.9,1,431
3,2017,08,02,2017-08-02,68.6,66.6,1018.9,9.9,6.5,11.1,999.9,75.9,63.0,0.0,999.9,0,618
6,2019,09,21,2019-09-21,67.0,59.2,1021.2,9.9,6.5,11.1,999.9,75.9,60.1,0.0,999.9,0,577
2,2013,09,03,2013-09-03,70.1,69.0,1008.1,2.0,6.8,11.1,999.9,75.9,66.0,0.05,999.9,1,551
2,2023,07,04,2023-07-04,68.9,68.0,1012.5,4.2,7.5,11.1,999.9,75.9,64.0,0.01,999.9,1,229
6,2017,08,05,2017-08-05,67.7,67.2,1014.1,2.5,7.9,11.1,999.9,75.9,64.0,0.0,999.9,1,573
6,2014,06,14,2014-06-14,66.5,63.8,1009.7,4.8,5.7,11.1,999.9,75.9,62.1,0.26,999.9,1,613
2,2014,08,05,2014-08-05,69.2,67.4,1016.2,3.7,6.6,11.1,999.9,75.9,64.9,0.0,999.9,1,606
2,2020,06,23,2020-06-23,63.5,61.3,1011.9,2.3,5.0,11.1,999.9,75.9,59.0,0.0,999.9,1,291
4,2021,07,08,2021-07-08,72.5,69.9,1016.7,3.0,6.0,11.1,999.9,75.9,69.8,0.0,999.9,1,305
7,2018,08,12,2018-08-12,70.9,69.7,1017.6,7.8,7.3,11.1,999.9,75.9,64.0,0.01,999.9,0,499
1,2015,09,28,2015-09-28,66.8,62.0,1025.3,9.7,6.7,11.1,999.9,75.9,48.0,0.0,999.9,0,586
2,2018,04,10,2018-04-10,37.7,31.7,1021.9,9.1,6.5,11.1,999.9,42.1,30.9,0.0,999.9,0,668
5,2018,02,09,2018-02-09,28.3,17.3,1032.6,10.0,6.2,11.1,19.0,42.1,19.9,0.08,999.9,0,583
3,2015,03,25,2015-03-25,33.6,24.1,1028.8,9.9,6.7,11.1,999.9,44.1,24.1,0.0,999.9,0,538
7,2018,11,18,2018-11-18,41.7,29.3,1025.8,10.0,6.7,11.1,999.9,44.1,35.1,0.0,999.9,0,470
5,2013,01,11,2013-01-11,38.0,31.4,1030.6,10.0,5.4,11.1,999.9,44.1,32.0,0.0,999.9,0,660
3,2019,03,13,2019-03-13,34.5,22.8,1026.0,10.0,6.7,11.1,999.9,44.1,26.1,0.0,999.9,0,562
2,2018,05,08,2018-05-08,48.4,46.3,1024.3,4.9,6.9,11.1,999.9,60.1,39.0,0.0,999.9,1,736
5,2015,06,05,2015-06-05,53.1,46.6,1021.2,10.0,7.3,11.1,999.9,60.1,43.0,0.0,999.9,0,692
3,2023,05,24,2023-05-24,48.2,44.4,1019.6,8.3,6.5,11.1,999.9,60.1,37.9,0.0,999.9,1,274
3,2012,10,17,2012-10-17,51.9,38.0,1014.3,10.0,1.3,11.1,999.9,60.1,44.1,0.0,999.9,0,615
3,2014,05,07,2014-05-07,51.6,38.3,1019.8,10.0,6.8,11.1,999.9,60.1,46.0,0.0,999.9,0,603
7,2019,04,07,2019-04-07,45.3,39.4,1023.5,10.0,7.4,11.1,999.9,60.1,37.9,0.01,999.9,0,487
1,2015,11,16,2015-11-16,54.0,41.2,1020.4,10.0,8.3,11.1,999.9,60.1,41.0,0.0,999.9,0,618
7,2022,05,15,2022-05-15,57.9,56.4,1014.2,2.4,6.5,11.1,999.9,62.1,53.6,0.34,999.9,1,306
3,2017,05,31,2017-05-31,55.4,53.1,1017.8,3.6,7.8,11.1,999.9,62.1,50.0,0.01,999.9,1,669
2,2020,06,02,2020-06-02,57.1,46.6,1016.0,10.0,7.6,11.1,999.9,62.1,48.9,0.0,999.9,0,197
2,2017,10,03,2017-10-03,54.1,47.5,1035.7,10.0,6.0,11.1,999.9,62.1,46.0,0.0,999.9,0,687
1,2014,12,15,2014-12-15,37.8,31.6,1014.5,9.9,5.8,11.1,999.9,44.6,32.0,0.0,999.9,0,720
6,2014,03,01,2014-03-01,24.1,12.5,1029.1,10.0,5.2,11.1,999.9,35.1,12.0,0.0,999.9,0,497
4,2022,02,03,2022-02-03,44.3,42.8,1025.9,0.8,5.9,11.1,999.9,51.1,37.0,0.05,999.9,1,248
5,2021,12,10,2021-12-10,41.5,31.3,1024.0,10.0,5.1,11.1,999.9,51.1,30.9,0.0,999.9,0,301
6,2014,12,27,2014-12-27,43.7,36.4,1021.8,10.0,7.4,11.1,999.9,51.1,37.9,0.0,999.9,0,406
3,2023,04,26,2023-04-26,46.9,40.9,1023.5,10.0,6.7,11.1,14.0,51.1,42.8,0.0,999.9,0,285
7,2015,05,03,2015-05-03,44.5,38.0,1019.0,9.9,5.3,11.1,999.9,53.1,32.0,0.0,999.9,1,555
1,2013,04,15,2013-04-15,46.1,34.2,1026.0,10.0,8.1,11.1,999.9,53.1,39.0,0.0,999.9,0,603
1,2014,04,21,2014-04-21,43.1,36.9,1022.3,10.0,6.2,11.1,999.9,53.1,34.0,0.0,999.9,0,521
2,2014,03,04,2014-03-04,24.8,12.2,1025.5,10.0,8.3,12.0,999.9,30.0,21.0,0.0,999.9,0,532
6,2014,02,08,2014-02-08,28.2,14.2,1023.9,10.0,8.6,12.0,19.0,32.0,21.9,0.0,999.9,0,424
2,2021,02,09,2021-02-09,26.1,21.2,1026.9,8.8,5.5,12.0,999.9,34.0,16.0,0.0,999.9,1,229
7,2016,12,11,2016-12-11,29.9,13.3,1031.6,10.0,7.5,12.0,15.9,36.0,24.1,0.0,999.9,0,522
2,2017,02,21,2017-02-21,37.1,26.6,1026.3,10.0,6.9,12.0,999.9,46.0,30.0,0.0,999.9,0,483
3,2020,02,26,2020-02-26,44.5,42.8,1013.9,4.7,7.0,12.0,999.9,48.0,42.1,0.08,999.9,1,449
7,2020,02,23,2020-02-23,39.9,33.7,1021.4,9.8,9.1,12.0,999.9,48.0,30.0,0.0,999.9,0,392
5,2019,12,27,2019-12-27,40.1,35.0,1026.1,10.0,7.6,12.0,999.9,48.0,28.9,0.0,999.9,0,448
2,2017,03,28,2017-03-28,40.7,38.5,1015.5,5.0,8.7,12.0,17.1,48.0,37.0,0.01,999.9,1,592
6,2021,12,25,2021-12-25,42.7,38.9,1010.2,8.3,6.4,12.0,999.9,50.0,28.9,0.01,999.9,0,189
1,2017,01,02,2017-01-02,37.4,28.7,1032.0,10.0,7.1,12.0,999.9,50.0,26.1,0.03,999.9,0,449
3,2023,03,22,2023-03-22,42.8,37.1,1028.5,9.7,6.2,12.0,999.9,50.0,34.0,0.0,999.9,0,221
5,2013,12,20,2013-12-20,42.5,37.5,1019.0,8.3,7.4,12.0,999.9,52.0,32.0,0.0,999.9,0,674
4,2022,12,29,2022-12-29,46.2,40.6,1026.2,9.9,8.1,12.0,999.9,52.0,41.0,0.0,999.9,0,203
5,2020,12,11,2020-12-11,41.5,35.7,1022.4,10.0,5.8,12.0,999.9,54.0,27.0,0.0,999.9,0,348
1,2015,04,13,2015-04-13,45.0,38.2,1027.8,10.0,9.1,12.0,999.9,54.0,32.0,0.0,999.9,0,554
2,2012,12,18,2012-12-18,47.3,44.5,1000.3,5.3,7.0,12.0,22.0,54.0,42.1,0.34,999.9,0,645
6,2020,10,24,2020-10-24,60.9,54.9,1012.7,10.0,6.0,12.0,999.9,64.0,57.0,0.0,999.9,0,301
4,2019,06,20,2019-06-20,61.0,59.3,1003.1,3.0,8.1,12.0,999.9,64.0,57.0,0.12,999.9,1,697
1,2016,04,18,2016-04-18,49.5,35.9,1022.5,10.0,6.0,12.0,999.9,64.0,37.0,0.0,999.9,0,687
2,2020,10,06,2020-10-06,59.2,53.1,1020.5,9.9,6.8,12.0,999.9,64.0,48.0,0.05,999.9,0,325
2,2022,11,01,2022-11-01,62.5,60.9,1016.1,6.9,8.3,12.0,999.9,64.0,61.0,0.17,999.9,0,279
6,2013,05,18,2013-05-18,54.6,45.2,1025.3,10.0,5.1,12.0,999.9,64.0,44.1,0.0,999.9,0,506
5,2023,05,26,2023-05-26,56.4,45.0,1022.9,10.0,7.4,12.0,17.1,64.0,50.0,0.0,999.9,0,295
5,2022,10,07,2022-10-07,61.3,59.6,1014.1,5.4,6.5,12.0,999.9,68.0,53.1,0.01,999.9,1,322
1,2017,10,23,2017-10-23,59.5,58.7,1026.8,6.5,7.2,12.0,999.9,68.0,52.0,0.0,999.9,1,669
6,2017,10,21,2017-10-21,58.8,50.3,1024.1,10.0,7.0,12.0,999.9,68.0,46.9,0.0,999.9,0,583
6,2014,09,20,2014-09-20,57.0,47.3,1027.2,10.0,7.7,12.0,999.9,68.0,44.1,0.0,999.9,0,594
6,2014,10,18,2014-10-18,62.7,58.8,1003.7,9.0,7.5,12.0,999.9,68.0,59.0,0.02,999.9,0,494
3,2016,06,29,2016-06-29,67.2,64.8,1012.9,7.2,7.5,12.0,999.9,72.0,64.0,0.0,999.9,1,687
7,2020,07,19,2020-07-19,69.1,67.5,1015.1,0.8,8.4,12.0,999.9,72.0,66.2,0.0,999.9,1,313
3,2020,06,10,2020-06-10,60.3,56.9,1016.5,7.0,7.5,12.0,999.9,72.0,55.9,0.0,999.9,1,238
4,2017,07,27,2017-07-27,61.8,59.2,1017.7,10.0,7.3,12.0,999.9,72.0,55.0,0.0,999.9,0,610
7,2012,09,23,2012-09-23,63.8,50.3,1015.4,9.0,6.4,12.0,15.9,72.0,55.4,0.22,999.9,0,480
4,2018,06,21,2018-06-21,63.4,61.5,1008.8,8.1,6.4,12.0,999.9,72.0,52.0,0.09,999.9,1,815
5,2021,10,08,2021-10-08,64.9,59.1,1021.1,10.0,6.2,12.0,999.9,72.0,51.1,0.0,999.9,0,361
1,2019,06,17,2019-06-17,66.0,60.9,1014.3,8.1,6.3,12.0,999.9,72.0,59.0,0.0,999.9,1,552
6,2021,10,23,2021-10-23,61.0,52.4,1012.4,9.8,7.7,12.0,999.9,72.0,57.0,0.0,999.9,0,312
6,2015,06,27,2015-06-27,61.5,55.4,1020.4,9.2,8.4,12.0,999.9,72.0,54.0,0.0,999.9,1,595
5,2021,08,13,2021-08-13,76.7,72.8,1016.2,6.1,8.8,12.0,999.9,84.0,73.0,0.0,999.9,1,358
1,2018,08,27,2018-08-27,73.1,69.6,1017.3,9.1,8.7,12.0,999.9,84.0,62.1,0.0,999.9,0,651
2,2016,08,16,2016-08-16,73.1,69.0,1022.3,10.0,7.9,12.0,999.9,84.0,66.9,0.0,999.9,0,644
2,2012,07,03,2012-07-03,79.8,56.7,1012.8,10.0,2.9,12.0,999.9,88.0,63.0,0.0,999.9,0,664
5,2013,08,16,2013-08-16,67.4,59.7,1021.2,10.0,8.2,12.0,999.9,73.0,62.1,0.0,999.9,0,678
5,2020,06,19,2020-06-19,63.9,61.5,1020.5,3.5,7.7,12.0,999.9,73.0,54.0,0.0,999.9,1,306
3,2014,08,20,2014-08-20,63.8,55.9,1015.5,9.9,6.0,12.0,999.9,73.0,52.0,0.01,999.9,0,551
5,2021,05,14,2021-05-14,58.9,44.2,1021.5,10.0,8.7,12.0,999.9,73.0,43.0,0.0,999.9,0,411
2,2014,06,17,2014-06-17,62.5,55.2,1019.0,10.0,8.2,12.0,999.9,73.0,57.9,0.0,999.9,0,666
2,2021,06,15,2021-06-15,68.0,64.1,1007.9,4.7,6.9,12.0,999.9,73.0,57.9,0.0,999.9,1,369
7,2021,05,16,2021-05-16,59.1,48.9,1023.6,10.0,7.4,12.0,999.9,73.0,48.9,0.0,999.9,0,337
5,2022,06,24,2022-06-24,63.1,57.4,1016.0,10.0,6.6,12.0,17.1,73.0,54.0,0.0,999.9,0,355
4,2014,08,21,2014-08-21,67.1,60.6,1017.5,10.0,7.7,12.0,999.9,73.0,52.0,0.01,999.9,0,567
6,2016,09,17,2016-09-17,62.6,57.6,1024.5,9.7,6.0,12.0,999.9,73.0,48.0,0.0,999.9,0,646
1,2014,08,04,2014-08-04,68.2,65.5,1017.7,6.0,5.2,12.0,999.9,73.0,64.0,0.04,999.9,1,589
1,2023,06,12,2023-06-12,61.8,59.5,1012.3,7.3,7.6,12.0,999.9,73.0,53.1,0.0,999.9,0,288
5,2016,06,17,2016-06-17,63.0,51.5,1012.4,10.0,7.4,12.0,999.9,73.0,55.9,0.0,999.9,0,748
4,2020,09,03,2020-09-03,70.5,69.3,1009.3,2.1,7.6,12.0,999.9,73.0,64.9,0.43,999.9,1,363
1,2014,06,30,2014-06-30,67.3,61.6,1019.0,10.0,8.0,12.0,999.9,73.0,55.0,0.01,999.9,0,610
6,2014,06,21,2014-06-21,59.9,46.2,1013.9,10.0,5.1,12.0,999.9,73.0,48.0,0.0,999.9,0,557
3,2015,06,10,2015-06-10,65.2,58.5,1010.9,6.4,8.8,12.0,999.9,73.0,57.9,0.07,999.9,1,667
1,2021,09,20,2021-09-20,63.0,52.1,1026.6,10.0,6.2,12.0,999.9,73.0,52.0,0.0,999.9,0,317
6,2014,08,16,2014-08-16,66.3,58.8,1015.3,9.7,8.2,12.0,999.9,73.0,59.0,0.0,999.9,0,490
3,2013,07,10,2013-07-10,71.1,69.7,1015.5,1.9,7.1,12.0,999.9,77.0,69.1,0.0,999.9,1,614
7,2015,07,19,2015-07-19,71.4,67.9,1011.9,6.9,9.0,12.0,999.9,77.0,64.0,0.0,999.9,1,545
4,2015,07,02,2015-07-02,68.7,62.5,1011.7,7.1,7.0,12.0,999.9,77.0,61.0,0.0,999.9,0,603
5,2021,09,03,2021-09-03,68.2,56.4,1013.4,10.0,7.2,12.0,15.9,77.0,61.0,0.0,999.9,0,352
3,2019,09,04,2019-09-04,66.6,64.8,1015.1,6.6,7.7,12.0,999.9,77.0,57.9,0.0,999.9,1,600
6,2012,07,21,2012-07-21,68.1,58.5,1018.3,9.8,4.1,12.0,999.9,77.0,57.9,0.43,999.9,0,528
1,2022,07,11,2022-07-11,68.1,61.2,1015.5,10.0,8.3,12.0,999.9,77.0,57.0,0.0,999.9,0,279
3,2016,08,24,2016-08-24,70.1,63.3,1024.3,10.0,8.5,12.0,999.9,77.0,63.0,0.0,999.9,0,635
1,2015,06,22,2015-06-22,67.1,62.7,1012.0,6.2,6.2,12.0,999.9,77.0,59.0,1.8,999.9,1,774
2,2022,06,07,2022-06-07,62.7,57.9,1019.4,9.2,8.2,12.0,999.9,77.0,53.1,0.0,999.9,0,307
7,2013,07,21,2013-07-21,72.8,69.1,1012.6,6.6,5.3,12.0,999.9,77.0,66.9,0.04,999.9,0,447
6,2017,08,12,2017-08-12,65.9,65.8,1016.4,4.2,5.8,12.0,999.9,77.0,60.1,0.07,999.9,1,526
2,2022,09,06,2022-09-06,69.0,65.6,1018.7,10.0,6.8,12.0,999.9,77.0,63.0,0.01,999.9,0,339
1,2023,08,21,2023-08-21,71.1,68.2,1016.6,8.5,8.8,12.0,999.9,77.0,64.9,0.0,999.9,0,234
5,2020,06,26,2020-06-26,66.7,61.7,1014.8,9.6,7.8,12.0,999.9,77.0,61.0,0.0,999.9,0,337
3,2016,09,21,2016-09-21,70.0,64.4,1020.2,5.3,6.4,12.0,999.9,77.0,62.1,0.07,999.9,1,621
6,2015,09,19,2015-09-19,70.4,66.2,1015.3,6.6,5.2,12.0,999.9,77.0,63.0,0.01,999.9,1,655
2,2015,08,25,2015-08-25,72.8,68.7,1012.4,9.7,7.4,12.0,999.9,81.0,66.9,0.01,999.9,0,595
3,2015,08,05,2015-08-05,74.5,68.8,1011.2,7.6,7.8,12.0,999.9,81.0,68.0,0.02,999.9,1,619
5,2020,09,04,2020-09-04,72.8,68.3,1009.8,8.3,7.4,12.0,999.9,81.0,66.9,0.31,999.9,1,383
2,2012,08,21,2012-08-21,72.8,57.2,1015.5,10.0,2.5,12.0,999.9,81.0,60.8,0.0,999.9,0,482
7,2016,08,28,2016-08-28,67.7,61.7,1024.1,8.7,5.8,12.0,999.9,81.0,57.9,0.0,999.9,1,559
7,2018,08,05,2018-08-05,74.3,70.4,1019.6,8.8,7.1,12.0,999.9,81.0,69.1,0.05,999.9,0,573
2,2020,08,11,2020-08-11,75.4,71.9,1016.1,7.8,9.1,12.0,999.9,81.0,70.0,0.0,999.9,0,317
7,2023,07,23,2023-07-23,72.1,65.7,1013.5,8.2,5.8,12.0,999.9,81.0,63.0,0.0,999.9,1,247
1,2021,08,23,2021-08-23,75.6,72.8,1011.9,6.2,7.6,12.0,999.9,81.0,71.6,0.0,999.9,1,293
3,2021,06,09,2021-06-09,68.9,64.6,1014.0,4.1,7.8,12.0,999.9,81.0,62.1,0.0,999.9,1,353
3,2015,09,09,2015-09-09,75.8,71.0,1013.9,7.6,10.3,12.0,18.1,81.0,71.6,0.0,999.9,1,740
1,2022,07,18,2022-07-18,73.1,72.1,1016.6,1.2,6.9,12.0,999.9,81.0,70.0,0.0,999.9,1,303
6,2020,08,22,2020-08-22,72.3,67.6,1013.3,9.7,8.3,12.0,999.9,81.0,61.0,0.0,999.9,0,328
2,2018,03,20,2018-03-20,32.5,17.5,1013.5,10.0,9.1,12.0,999.9,37.0,26.1,0.0,999.9,0,597
5,2021,12,24,2021-12-24,31.5,18.3,1020.6,8.5,5.8,12.0,999.9,37.0,28.9,0.0,999.9,0,281
3,2014,12,31,2014-12-31,26.9,8.3,1025.3,9.9,7.5,12.0,999.9,37.0,21.9,0.0,999.9,0,461
4,2015,01,22,2015-01-22,35.5,30.5,1021.0,8.4,8.4,12.0,999.9,39.0,25.0,0.13,999.9,0,508
1,2021,02,15,2021-02-15,37.0,36.1,1021.9,8.3,8.9,12.0,999.9,39.0,30.9,0.0,999.9,0,208
3,2021,01,27,2021-01-27,34.6,33.8,1012.8,8.0,7.8,12.0,999.9,41.0,28.9,0.25,999.9,0,262
6,2014,12,20,2014-12-20,38.2,30.8,1020.7,10.0,8.3,12.0,15.9,43.0,34.0,0.0,999.9,0,505
3,2012,12,12,2012-12-12,40.1,23.6,1026.0,10.0,3.3,12.0,19.0,43.0,33.8,0.01,999.9,0,550
4,2018,01,11,2018-01-11,38.5,38.0,1030.1,10.0,8.6,12.0,999.9,45.0,21.9,0.0,999.9,0,696
3,2020,04,29,2020-04-29,46.9,35.8,1024.6,10.0,8.3,12.0,999.9,55.0,37.0,0.02,999.9,0,137
1,2020,12,14,2020-12-14,44.0,39.4,1013.2,8.9,6.3,12.0,999.9,57.0,39.9,0.0,999.9,0,250
1,2015,12,14,2015-12-14,52.6,48.2,1016.4,6.7,7.9,12.0,999.9,57.0,50.0,0.0,999.9,1,637
2,2014,11,11,2014-11-11,51.0,47.2,1020.7,9.5,8.2,12.0,999.9,59.0,39.0,0.0,999.9,1,493
3,2021,12,08,2021-12-08,39.9,29.5,1018.8,9.5,6.2,12.0,999.9,59.0,34.0,0.16,999.9,0,287
6,2023,04,15,2023-04-15,53.3,50.8,1015.0,6.9,7.6,12.0,999.9,61.0,48.0,0.0,999.9,1,242
5,2013,04,26,2013-04-26,49.5,37.8,1026.9,9.5,6.5,12.0,999.9,61.0,37.9,0.06,999.9,0,675
7,2020,10,18,2020-10-18,54.7,40.0,1032.3,10.0,8.4,12.0,19.0,61.0,46.0,0.0,999.9,0,305
2,2013,10,15,2013-10-15,53.9,47.3,1023.8,10.0,6.3,12.0,999.9,63.0,41.0,0.01,999.9,0,615
7,2017,05,28,2017-05-28,51.8,46.1,1015.5,9.4,6.1,12.0,999.9,63.0,45.0,0.0,999.9,0,474
4,2017,04,27,2017-04-27,52.9,50.7,1011.6,3.0,5.3,12.0,999.9,63.0,48.0,0.06,999.9,1,688
4,2017,06,08,2017-06-08,52.7,45.2,1016.5,9.2,5.5,12.0,999.9,63.0,39.9,0.01,999.9,0,660
7,2013,05,19,2013-05-19,56.3,49.4,1027.4,9.3,6.6,12.0,999.9,63.0,46.9,0.0,999.9,0,544
4,2016,05,19,2016-05-19,53.9,44.5,1019.1,10.0,6.7,12.0,15.0,63.0,45.0,0.05,999.9,0,694
2,2013,06,18,2013-06-18,60.9,58.6,1012.9,3.1,4.9,12.0,22.9,66.0,57.2,0.07,999.9,1,613
3,2020,11,11,2020-11-11,61.4,58.9,1020.2,9.0,10.4,12.0,999.9,66.0,51.1,0.0,999.9,0,300
5,2017,06,02,2017-06-02,58.2,48.2,1013.4,8.3,8.2,12.0,999.9,66.0,52.0,0.0,999.9,1,737
3,2016,05,11,2016-05-11,55.6,42.2,1020.2,10.0,7.6,12.0,999.9,66.0,39.9,0.0,999.9,0,699
5,2016,05,20,2016-05-20,56.4,47.9,1021.7,10.0,6.6,12.0,999.9,70.0,46.0,0.0,999.9,0,782
1,2018,10,01,2018-10-01,62.0,56.1,1026.4,10.0,5.4,12.0,999.9,70.0,51.1,0.0,999.9,0,583
7,2021,06,13,2021-06-13,63.5,57.4,1013.1,10.0,8.3,12.0,999.9,70.0,55.9,0.13,999.9,0,330
6,2019,09,28,2019-09-28,63.8,59.3,1020.9,10.0,8.2,12.0,999.9,70.0,54.0,0.0,999.9,0,532
6,2017,09,09,2017-09-09,63.1,57.0,1021.1,10.0,7.5,12.0,999.9,70.0,54.0,0.0,999.9,0,608
3,2014,10,15,2014-10-15,64.9,62.1,1021.0,9.9,9.5,12.0,999.9,70.0,61.0,0.01,999.9,0,575
6,2016,05,14,2016-05-14,59.4,54.0,1006.2,6.9,8.1,12.0,999.9,70.0,45.0,0.1,999.9,1,589
7,2015,09,27,2015-09-27,59.4,50.9,1031.1,10.0,7.0,12.0,15.9,70.0,48.0,0.0,999.9,0,493
4,2016,08,18,2016-08-18,71.5,65.7,1015.5,9.9,6.1,12.0,999.9,82.0,64.9,0.0,999.9,0,635
4,2014,09,04,2014-09-04,69.4,60.8,1020.5,9.9,5.2,12.0,999.9,82.0,59.0,0.0,999.9,0,727
2,2022,08,30,2022-08-30,75.2,72.9,1015.3,8.0,8.0,12.0,999.9,82.0,61.0,0.0,999.9,1,283
6,2021,07,24,2021-07-24,70.8,61.3,1019.1,9.6,3.3,12.0,15.0,82.0,60.1,0.0,999.9,1,337
3,2018,08,08,2018-08-08,74.6,73.6,1013.9,5.9,8.1,12.0,999.9,82.0,70.0,0.0,999.9,1,656
7,2015,08,16,2015-08-16,74.3,68.8,1019.1,9.5,8.5,12.0,999.9,82.0,70.0,0.0,999.9,0,552
3,2015,07,29,2015-07-29,76.0,69.9,1014.2,5.4,6.8,12.0,999.9,86.0,68.0,0.0,999.9,1,629
7,2018,07,01,2018-07-01,70.8,66.4,1016.2,8.8,5.9,12.0,999.9,86.0,62.1,0.0,999.9,0,563
6,2021,06,26,2021-06-26,70.0,67.8,1026.0,2.1,8.8,12.0,999.9,75.0,61.0,0.3,999.9,1,375
3,2014,08,27,2014-08-27,67.5,64.7,1016.3,6.5,7.3,12.0,999.9,75.0,53.1,0.02,999.9,1,538
4,2023,08,03,2023-08-03,64.4,57.3,1021.2,10.0,6.5,12.0,999.9,75.0,55.0,0.0,999.9,0,260
6,2018,06,16,2018-06-16,62.8,56.0,1014.9,9.3,8.2,12.0,999.9,75.0,51.1,0.01,999.9,0,677
5,2021,06,25,2021-06-25,66.5,64.3,1026.7,5.5,9.7,12.0,999.9,75.0,50.0,0.03,999.9,1,381
2,2020,07,07,2020-07-07,60.1,56.3,1021.9,8.9,7.9,12.0,999.9,75.0,55.9,0.0,999.9,0,243
7,2012,08,19,2012-08-19,68.7,55.0,1014.2,10.0,1.3,12.0,999.9,75.0,62.1,0.23,999.9,0,467
2,2018,07,24,2018-07-24,69.2,68.1,1025.8,5.7,9.8,12.0,999.9,75.0,66.0,0.0,999.9,1,654
6,2016,06,25,2016-06-25,62.1,52.1,1021.7,10.0,8.0,12.0,18.1,75.0,53.1,0.0,999.9,0,688
7,2019,09,15,2019-09-15,68.2,65.3,1020.4,8.8,8.2,12.0,999.9,75.0,52.0,0.02,999.9,0,604
7,2013,08,25,2013-08-25,64.0,54.6,1026.6,10.0,6.7,12.0,999.9,75.0,50.0,0.0,999.9,0,459
2,2014,08,12,2014-08-12,67.2,62.2,1020.2,10.0,7.8,12.0,999.9,75.0,57.0,0.01,999.9,0,491
3,2017,07,19,2017-07-19,71.6,70.3,1016.5,4.2,7.6,12.0,999.9,79.0,66.0,0.0,999.9,1,747
5,2016,08,26,2016-08-26,73.4,70.0,1016.1,9.7,10.1,12.0,999.9,79.0,68.0,0.0,999.9,0,756
2,2021,09,14,2021-09-14,69.5,58.8,1018.0,10.0,6.7,12.0,17.1,79.0,63.0,0.0,999.9,0,342
5,2015,08,07,2015-08-07,71.2,61.9,1013.1,10.0,7.4,12.0,999.9,79.0,64.0,0.0,999.9,0,726
3,2021,09,08,2021-09-08,72.7,66.4,1014.6,10.0,9.1,12.0,999.9,79.0,63.0,0.0,999.9,0,334
2,2023,08,01,2023-08-01,69.6,60.3,1017.6,10.0,7.5,12.0,18.1,79.0,61.0,0.0,999.9,0,277
7,2012,07,29,2012-07-29,71.7,66.1,1015.1,9.4,3.2,12.0,15.9,79.0,66.9,0.18,999.9,0,376
5,2016,09,23,2016-09-23,66.3,62.1,1016.5,9.5,5.8,12.0,999.9,79.0,55.9,0.0,999.9,1,812
3,2019,07,31,2019-07-31,72.9,70.9,1017.2,5.6,7.0,12.0,999.9,79.0,68.0,0.0,999.9,1,604
2,2019,06,25,2019-06-25,61.5,59.5,1013.4,6.0,8.5,12.0,999.9,79.0,57.9,0.0,999.9,1,662
4,2012,09,06,2012-09-06,73.2,65.3,1011.3,9.7,2.3,12.0,999.9,79.0,62.6,0.59,999.9,0,572
3,2017,02,22,2017-02-22,40.6,35.2,1018.0,9.7,7.8,12.0,999.9,46.9,32.0,0.0,999.9,0,477
3,2023,03,29,2023-03-29,39.8,30.4,1019.3,9.6,6.6,12.0,19.0,46.9,30.9,0.0,999.9,0,274
1,2014,01,13,2014-01-13,38.6,31.2,1018.7,9.2,7.7,12.0,999.9,46.9,28.9,0.01,999.9,0,568
7,2017,11,12,2017-11-12,35.8,29.8,1032.6,10.0,5.0,12.0,999.9,46.9,24.1,0.0,999.9,0,539
2,2014,03,11,2014-03-11,41.3,34.1,1002.9,8.3,9.0,12.0,18.1,48.9,32.0,0.0,999.9,0,510
7,2018,01,21,2018-01-21,39.7,31.7,1018.2,10.0,7.2,12.0,999.9,48.9,28.0,0.0,999.9,0,418
2,2021,01,26,2021-01-26,31.9,23.4,1016.9,9.0,7.4,12.0,999.9,37.9,21.0,0.0,999.9,0,263
6,2013,11,30,2013-11-30,31.3,15.4,1038.9,10.0,6.5,12.0,999.9,37.9,25.0,0.0,999.9,0,479
1,2022,01,24,2022-01-24,34.5,23.8,1010.6,9.7,7.4,12.0,999.9,39.9,25.0,0.0,999.9,0,238
3,2015,02,04,2015-02-04,28.1,18.4,1024.9,10.0,7.6,12.0,999.9,39.9,14.0,0.0,999.9,0,585
1,2018,12,24,2018-12-24,35.2,29.1,1017.2,9.5,4.9,12.0,999.9,39.9,28.9,0.0,999.9,0,580
4,2022,11,24,2022-11-24,43.5,33.0,1027.7,10.0,6.9,12.0,999.9,55.9,36.0,0.0,999.9,0,191
7,2019,11,03,2019-11-03,51.0,36.8,1016.8,10.0,7.5,12.0,999.9,55.9,36.0,0.0,999.9,0,479
1,2019,11,04,2019-11-04,48.1,30.0,1026.3,10.0,7.5,12.0,999.9,55.9,42.1,0.0,999.9,0,623
1,2018,04,23,2018-04-23,46.4,33.6,1030.7,10.0,7.1,12.0,15.9,57.9,35.1,0.0,999.9,0,675
4,2016,07,21,2016-07-21,70.4,63.4,1020.2,10.0,7.4,12.0,999.9,80.1,60.1,0.0,999.9,0,731
2,2019,07,30,2019-07-30,73.0,71.1,1016.3,6.6,7.8,12.0,999.9,80.1,69.1,0.0,999.9,1,638
5,2015,07,24,2015-07-24,71.7,60.3,1012.2,10.0,7.5,12.0,999.9,80.1,62.1,0.0,999.9,0,490
5,2020,07,31,2020-07-31,73.7,70.8,1009.8,6.3,5.1,12.0,999.9,80.1,71.1,99.99,999.9,1,343
1,2023,08,07,2023-08-07,68.5,65.7,1015.8,9.9,7.6,12.0,999.9,80.1,61.0,0.0,999.9,0,246
7,2023,08,06,2023-08-06,70.5,61.8,1015.4,8.5,6.7,12.0,999.9,80.1,63.0,0.0,999.9,0,264
4,2013,06,20,2013-06-20,60.6,53.1,1023.9,9.6,5.6,12.0,999.9,69.1,52.0,0.1,999.9,0,681
5,2019,09,20,2019-09-20,58.8,50.6,1022.2,10.0,6.6,12.0,999.9,69.1,45.0,0.0,999.9,0,688
1,2018,05,21,2018-05-21,60.9,51.0,1019.0,9.5,8.7,12.0,999.9,69.1,52.0,0.03,999.9,0,626
4,2021,05,20,2021-05-20,54.4,47.6,1031.2,10.0,7.5,12.0,17.1,69.1,46.0,0.0,999.9,0,385
5,2018,09,21,2018-09-21,60.6,54.6,1024.2,10.0,6.9,12.0,999.9,69.1,53.1,0.0,999.9,0,715
5,2020,08,28,2020-08-28,70.6,65.3,1008.2,9.9,6.9,12.0,999.9,78.1,63.0,0.05,999.9,0,306
1,2022,08,29,2022-08-29,70.6,66.3,1020.8,10.0,7.2,12.0,999.9,78.1,61.0,0.0,999.9,0,259
7,2020,08,09,2020-08-09,71.5,66.9,1019.9,9.3,7.0,12.0,999.9,78.1,64.9,0.0,999.9,0,283
7,2017,07,16,2017-07-16,69.3,67.7,1013.7,5.8,7.1,12.0,999.9,78.1,60.1,0.0,999.9,1,515
3,2018,06,20,2018-06-20,62.8,58.8,1011.4,7.9,5.2,12.0,999.9,78.1,52.0,0.0,999.9,1,698
4,2019,07,25,2019-07-25,69.5,61.4,1017.7,10.0,5.8,12.0,999.9,78.1,61.0,0.0,999.9,0,605
2,2019,08,13,2019-08-13,71.2,68.7,1011.2,7.9,8.4,12.0,999.9,78.1,66.0,99.99,999.9,0,469
5,2016,05,27,2016-05-27,60.0,55.8,1020.0,6.5,8.2,12.0,999.9,78.1,55.9,0.0,999.9,1,767
6,2013,06,22,2013-06-22,63.4,58.5,1024.6,10.0,8.2,12.0,999.9,71.1,59.0,0.0,999.9,0,599
5,2018,06,15,2018-06-15,59.0,54.0,1011.3,9.3,6.2,12.0,999.9,71.1,54.0,0.0,999.9,0,728
4,2023,08,17,2023-08-17,65.7,65.1,1015.7,6.8,6.4,12.0,999.9,71.1,64.0,0.07,999.9,0,197
5,2020,07,17,2020-07-17,62.6,59.0,1023.0,9.9,7.5,12.0,999.9,71.1,55.0,0.0,999.9,0,308
3,2020,06,17,2020-06-17,61.2,53.9,1025.2,10.0,8.3,12.0,999.9,71.1,52.0,0.0,999.9,0,244
3,2018,06,27,2018-06-27,62.7,59.1,1021.0,10.0,9.3,12.0,999.9,71.1,50.0,0.0,999.9,0,540
5,2015,07,31,2015-07-31,76.7,68.5,1009.5,8.5,8.5,12.0,17.1,87.1,71.1,0.0,999.9,0,753
6,2021,08,14,2021-08-14,78.1,73.2,1016.4,5.4,8.6,12.0,999.9,87.1,73.0,0.0,999.9,1,302
1,2019,07,22,2019-07-22,76.5,70.8,1009.8,9.5,7.0,12.0,999.9,87.1,69.1,0.0,999.9,0,641
6,2019,07,20,2019-07-20,76.2,72.3,1009.2,6.1,9.1,12.0,999.9,87.1,64.9,0.0,999.9,1,586
4,2014,01,09,2014-01-09,23.5,8.3,1034.2,10.0,7.9,12.0,20.0,28.9,12.0,0.0,999.9,0,561
5,2023,07,21,2023-07-21,66.1,65.1,1010.0,6.0,5.3,12.0,999.9,71.6,61.0,0.0,999.9,1,322
5,2012,12,07,2012-12-07,38.8,30.9,1022.7,7.9,1.9,12.0,999.9,48.2,26.6,0.0,999.9,0,714
6,2012,10,27,2012-10-27,61.9,53.9,1017.0,9.6,4.3,12.0,16.9,64.9,42.8,0.0,999.9,0,524
3,2014,06,04,2014-06-04,55.2,51.2,1011.4,7.6,8.3,12.0,999.9,64.9,51.1,0.0,999.9,1,582
6,2022,06,04,2022-06-04,59.0,55.7,1011.2,6.5,8.1,12.0,999.9,64.9,55.4,0.01,999.9,1,300
7,2016,10,02,2016-10-02,61.3,59.2,1017.8,4.4,9.0,12.0,999.9,64.9,59.0,1.22,999.9,1,486
5,2020,08,07,2020-08-07,69.0,65.6,1020.6,6.5,5.2,12.0,17.1,84.9,63.0,0.0,999.9,1,337
6,2022,08,06,2022-08-06,78.3,75.9,1022.9,7.2,7.2,12.0,999.9,84.9,73.9,0.0,999.9,1,313
4,2017,07,20,2017-07-20,74.7,70.6,1013.9,5.3,7.7,12.0,999.9,84.9,66.9,0.0,999.9,1,774
6,2017,07,22,2017-07-22,74.0,67.2,1010.5,8.8,7.1,12.0,999.9,84.9,68.0,0.0,999.9,0,648
6,2014,06,07,2014-06-07,65.6,54.0,1012.5,9.9,8.6,12.0,999.9,73.9,57.0,0.0,999.9,0,623
7,2014,08,17,2014-08-17,68.3,64.7,1011.1,8.3,6.8,12.0,17.1,73.9,59.0,0.06,999.9,1,476
6,2019,07,06,2019-07-06,68.9,67.6,1013.9,1.5,7.5,12.0,999.9,73.9,59.0,0.0,999.9,1,471
2,2015,10,13,2015-10-13,64.4,61.2,1003.5,6.5,8.3,12.0,999.9,73.9,50.0,0.18,999.9,1,724
5,2018,09,14,2018-09-14,64.9,60.7,1024.2,9.2,7.1,12.0,999.9,73.9,59.0,0.01,999.9,1,684
1,2018,07,09,2018-07-09,60.9,53.6,1023.2,10.0,6.7,12.0,999.9,73.9,50.0,0.0,999.9,0,672
7,2022,06,12,2022-06-12,65.0,63.2,1016.4,6.9,7.2,12.0,999.9,73.9,62.1,0.01,999.9,1,275
2,2014,06,24,2014-06-24,60.0,51.9,1022.0,10.0,5.3,12.0,999.9,66.9,53.1,0.0,999.9,0,632
3,2013,10,23,2013-10-23,52.5,44.6,1005.8,9.8,7.9,12.0,999.9,66.9,48.0,0.0,999.9,0,558
1,2019,10,14,2019-10-14,57.7,55.9,1015.7,7.1,6.5,12.0,999.9,66.9,48.0,0.25,999.9,1,400
1,2016,06,20,2016-06-20,61.4,55.9,1022.8,10.0,8.6,12.0,999.9,66.9,54.0,0.0,999.9,0,745
5,2022,09,02,2022-09-02,67.2,55.3,1022.1,10.0,7.5,12.0,999.9,82.9,60.1,0.0,999.9,0,289
7,2015,08,02,2015-08-02,75.9,64.8,1011.7,9.0,7.8,12.0,999.9,82.9,66.0,0.0,999.9,0,550
4,2023,07,13,2023-07-13,71.2,69.4,1013.9,6.4,7.9,12.0,999.9,82.9,64.9,0.0,999.9,1,282
2,2015,08,18,2015-08-18,74.5,71.0,1017.7,8.8,8.8,12.0,999.9,82.9,70.0,0.0,999.9,1,623
1,2015,08,17,2015-08-17,74.1,70.4,1018.5,7.6,8.0,12.0,999.9,82.9,70.0,0.0,999.9,0,592
4,2020,09,24,2020-09-24,66.2,56.9,1013.2,10.0,8.2,12.0,999.9,75.9,55.0,0.0,999.9,0,297
3,2022,10,26,2022-10-26,68.3,67.0,1011.8,4.1,7.2,12.0,999.9,75.9,64.0,0.6,999.9,1,266
5,2013,09,06,2013-09-06,60.3,47.8,1021.1,10.0,5.3,12.0,999.9,75.9,52.0,0.0,999.9,0,524
7,2013,08,04,2013-08-04,69.4,61.9,1009.8,9.0,8.3,12.0,19.0,75.9,60.1,0.25,999.9,0,454
7,2020,09,06,2020-09-06,67.3,60.5,1022.3,10.0,6.9,12.0,999.9,75.9,59.0,0.0,999.9,0,293
3,2019,08,14,2019-08-14,71.1,68.7,1009.9,8.6,6.8,12.0,999.9,75.9,66.0,99.99,999.9,0,537
2,2015,09,29,2015-09-29,69.3,65.6,1020.1,8.5,7.8,12.0,999.9,75.9,61.0,0.0,999.9,0,557
3,2016,08,31,2016-08-31,70.4,65.7,1016.0,10.0,9.1,12.0,999.9,75.9,59.0,0.0,999.9,0,661
4,2014,07,03,2014-07-03,69.1,67.3,1015.3,1.8,8.5,12.0,999.9,75.9,66.0,0.0,999.9,1,740
2,2021,09,21,2021-09-21,66.2,59.7,1028.9,10.0,8.1,12.0,999.9,75.9,52.0,0.0,999.9,0,311
2,2017,08,01,2017-08-01,68.2,64.8,1017.1,10.0,8.6,12.0,999.9,75.9,50.0,0.0,999.9,0,705
1,2012,12,24,2012-12-24,37.0,19.8,1016.1,10.0,3.0,12.0,22.0,42.1,28.9,0.0,999.9,0,518
7,2020,02,02,2020-02-02,38.5,33.0,1000.4,9.3,7.9,12.0,999.9,42.1,35.6,0.0,999.9,0,391
5,2021,01,22,2021-01-22,36.5,28.4,1003.1,10.0,7.8,12.0,20.0,44.1,19.9,0.0,999.9,0,254
6,2020,02,01,2020-02-01,39.7,35.2,1015.9,9.9,7.2,12.0,999.9,44.1,37.0,0.04,999.9,0,409
7,2016,02,07,2016-02-07,38.7,30.1,1022.3,10.0,6.7,12.0,999.9,44.1,28.0,0.0,999.9,0,423
6,2019,03,09,2019-03-09,35.1,22.7,1025.1,10.0,7.4,12.0,999.9,44.1,19.9,0.0,999.9,0,523
2,2021,01,12,2021-01-12,37.0,29.1,1019.0,10.0,6.5,12.0,999.9,44.1,21.0,0.0,999.9,0,279
5,2021,04,09,2021-04-09,47.6,43.2,1021.2,7.3,6.1,12.0,999.9,60.1,41.0,0.0,999.9,1,281
4,2014,05,08,2014-05-08,52.0,43.4,1022.3,9.6,7.5,12.0,999.9,62.1,46.0,0.0,999.9,0,596
5,2020,11,27,2020-11-27,54.0,50.8,1016.0,5.4,4.4,12.0,999.9,62.1,43.0,0.48,999.9,1,279
4,2013,10,31,2013-10-31,54.8,50.9,1021.4,9.1,6.0,12.0,999.9,62.1,34.0,0.0,999.9,0,615
5,2014,05,23,2014-05-23,54.9,48.6,1012.4,10.0,7.3,12.0,15.9,62.1,50.0,0.02,999.9,0,660
3,2018,01,03,2018-01-03,25.6,18.3,1025.1,10.0,6.7,12.0,999.9,35.1,10.9,0.0,999.9,0,645
5,2016,11,25,2016-11-25,48.6,43.1,1023.9,10.0,6.9,12.0,999.9,51.1,34.0,0.0,999.9,0,455
3,2016,04,27,2016-04-27,45.0,36.9,1011.9,10.0,7.8,12.0,999.9,51.1,41.0,0.24,999.9,0,510
1,2014,12,29,2014-12-29,41.2,27.8,1017.9,9.9,8.4,12.0,18.1,51.1,36.0,0.01,999.9,0,411
7,2016,01,17,2016-01-17,40.2,32.3,1007.3,9.2,7.7,12.0,18.1,51.1,36.0,0.77,999.9,0,451
5,2022,02,11,2022-02-11,44.3,35.6,1016.0,10.0,8.0,12.0,999.9,51.1,35.1,0.0,999.9,0,319
1,2023,03,27,2023-03-27,43.7,35.3,1016.8,9.7,6.5,12.0,999.9,53.1,28.0,0.0,999.9,0,264
4,2023,04,20,2023-04-20,47.3,32.9,1021.5,10.0,9.1,12.0,15.9,53.1,43.0,0.0,999.9,0,287
1,2012,09,24,2012-09-24,59.0,40.4,1020.0,10.0,3.3,12.0,20.0,66.2,53.1,0.0,999.9,0,562
7,2013,07,28,2013-07-28,69.8,68.0,1015.8,5.7,6.5,12.0,22.9,75.2,66.2,0.12,999.9,1,485
6,2021,02,13,2021-02-13,27.6,18.2,1025.9,10.0,7.8,13.0,17.1,32.0,24.1,0.0,999.9,0,210
3,2015,02,18,2015-02-18,30.6,24.5,1010.4,10.0,8.8,13.0,999.9,36.0,16.0,0.0,999.9,0,626
4,2015,01,29,2015-01-29,29.2,20.9,1022.9,10.0,8.5,13.0,20.0,36.0,19.0,0.0,999.9,0,519
4,2023,02,02,2023-02-02,28.2,17.2,1021.8,10.0,6.0,13.0,19.0,36.0,19.9,0.0,999.9,0,262
7,2023,02,19,2023-02-19,39.2,31.5,1027.4,10.0,8.2,13.0,999.9,46.0,27.0,0.0,999.9,0,241
7,2023,04,09,2023-04-09,40.9,22.6,1032.3,10.0,8.0,13.0,19.0,48.0,34.0,0.0,999.9,0,210
5,2019,04,12,2019-04-12,43.8,35.3,1027.0,10.0,8.4,13.0,999.9,48.0,35.1,0.0,999.9,0,688
6,2018,05,12,2018-05-12,48.9,46.2,1021.1,9.5,7.3,13.0,999.9,52.0,45.0,0.0,999.9,0,602
7,2022,04,03,2022-04-03,44.5,38.3,1011.6,9.8,8.3,13.0,999.9,52.0,37.0,0.0,999.9,0,257
6,2013,03,30,2013-03-30,44.5,35.1,1017.4,10.0,7.0,13.0,17.1,52.0,37.9,0.02,999.9,0,513
3,2022,03,09,2022-03-09,38.5,29.4,1020.2,8.3,6.9,13.0,20.0,54.0,32.0,0.0,999.9,0,286
1,2017,04,03,2017-04-03,43.0,31.7,1018.0,10.0,6.9,13.0,999.9,54.0,32.0,0.0,999.9,0,646
2,2019,04,30,2019-04-30,45.6,40.5,1024.6,8.3,7.6,13.0,999.9,54.0,42.1,0.31,999.9,0,587
2,2022,04,05,2022-04-05,46.8,36.3,1016.8,10.0,8.3,13.0,999.9,54.0,37.9,0.0,999.9,0,252
5,2013,10,25,2013-10-25,48.0,30.2,1015.2,10.0,9.2,13.0,21.0,54.0,43.0,0.0,999.9,0,647
6,2017,09,30,2017-09-30,56.3,50.9,1020.0,9.8,8.3,13.0,999.9,64.0,48.0,0.0,999.9,0,550
4,2019,05,16,2019-05-16,53.3,47.6,1010.2,10.0,8.2,13.0,999.9,64.0,43.0,0.0,999.9,0,642
6,2014,04,12,2014-04-12,50.1,40.8,1019.1,8.5,8.6,13.0,999.9,64.0,43.0,0.0,999.9,0,578
1,2014,10,06,2014-10-06,55.7,42.6,1018.6,10.0,6.9,13.0,999.9,64.0,45.0,0.0,999.9,0,639
3,2019,10,30,2019-10-30,57.8,54.9,1025.6,8.4,7.9,13.0,999.9,64.0,53.1,0.0,999.9,0,595
3,2013,05,22,2013-05-22,57.8,55.1,1013.8,2.5,7.1,13.0,17.1,64.0,53.1,0.0,999.9,1,570
6,2022,10,08,2022-10-08,58.0,48.4,1016.8,10.0,8.2,13.0,15.9,68.0,51.1,0.0,999.9,0,305
4,2021,06,03,2021-06-03,59.2,57.4,1021.4,5.4,6.0,13.0,999.9,68.0,54.0,0.0,999.9,1,288
5,2022,09,30,2022-09-30,58.6,49.8,1025.9,10.0,9.0,13.0,19.0,68.0,52.0,0.0,999.9,0,328
7,2013,09,15,2013-09-15,61.2,50.7,1019.4,10.0,6.6,13.0,17.1,68.0,51.1,0.0,999.9,0,476
2,2020,11,10,2020-11-10,57.2,54.5,1022.8,5.7,8.2,13.0,999.9,68.0,46.9,0.0,999.9,1,343
6,2018,10,13,2018-10-13,53.2,44.9,1008.5,10.0,7.9,13.0,21.0,68.0,48.9,2.37,999.9,0,577
7,2019,04,14,2019-04-14,50.8,48.7,1014.4,2.7,7.7,13.0,999.9,68.0,45.0,0.04,999.9,1,457
6,2023,05,27,2023-05-27,56.0,44.7,1025.8,10.0,7.9,13.0,999.9,68.0,45.0,0.0,999.9,0,300
4,2019,09,26,2019-09-26,64.7,61.4,1010.9,9.9,8.0,13.0,999.9,72.0,57.0,0.0,999.9,0,645
3,2017,07,26,2017-07-26,63.6,58.0,1022.4,10.0,7.4,13.0,999.9,72.0,55.0,0.0,999.9,0,635
1,2019,09,30,2019-09-30,56.3,48.8,1026.3,10.0,7.8,13.0,999.9,72.0,48.0,0.0,999.9,0,435
3,2018,10,10,2018-10-10,66.2,64.9,1021.4,3.9,9.1,13.0,999.9,72.0,57.9,0.0,999.9,1,708
7,2013,06,09,2013-06-09,63.6,57.2,1019.3,6.9,8.1,13.0,999.9,72.0,53.1,0.01,999.9,1,533
4,2021,10,21,2021-10-21,65.3,60.5,1015.6,9.5,8.5,13.0,999.9,72.0,59.0,0.0,999.9,0,371
6,2013,06,15,2013-06-15,62.4,52.3,1011.0,10.0,7.4,13.0,999.9,72.0,52.0,0.14,999.9,0,596
6,2013,09,21,2013-09-21,63.6,60.3,1015.6,9.9,7.8,13.0,999.9,72.0,54.0,0.01,999.9,1,546
6,2018,09,29,2018-09-29,62.3,56.3,1020.0,9.8,6.6,13.0,999.9,72.0,53.1,0.23,999.9,0,604
6,2019,06,01,2019-06-01,55.3,53.2,1010.9,6.2,6.0,13.0,999.9,72.0,48.9,0.15,999.9,1,557
6,2012,08,25,2012-08-25,75.7,65.2,1023.6,7.3,3.2,13.0,18.1,84.0,62.6,0.01,999.9,1,474
4,2022,07,07,2022-07-07,68.0,60.7,1016.5,9.6,6.8,13.0,999.9,84.0,60.1,0.04,999.9,0,285
6,2022,07,23,2022-07-23,76.7,73.7,1015.7,3.9,8.3,13.0,999.9,88.0,71.1,0.0,999.9,1,305
3,2012,07,18,2012-07-18,85.3,69.1,1008.9,7.2,3.7,13.0,20.0,100.0,73.0,0.0,999.9,1,559
1,2017,09,18,2017-09-18,65.7,65.5,1020.5,3.4,7.6,13.0,999.9,73.0,60.1,0.0,999.9,1,672
5,2014,08,22,2014-08-22,63.9,60.0,1017.7,7.9,7.9,13.0,19.0,73.0,57.9,0.01,999.9,1,568
2,2013,07,02,2013-07-02,67.7,65.5,1022.2,4.0,9.5,13.0,18.1,73.0,64.9,0.04,999.9,1,601
7,2017,09,24,2017-09-24,65.3,64.3,1016.6,3.7,9.6,13.0,999.9,73.0,60.1,0.05,999.9,1,587
4,2014,09,11,2014-09-11,64.4,60.3,1014.8,9.7,6.4,13.0,999.9,73.0,54.0,0.0,999.9,0,619
1,2022,06,20,2022-06-20,61.9,50.0,1016.7,10.0,6.9,13.0,999.9,73.0,51.1,0.03,999.9,0,281
7,2012,09,16,2012-09-16,65.1,46.5,1018.9,10.0,1.9,13.0,20.0,73.0,53.6,0.0,999.9,0,458
4,2016,06,02,2016-06-02,55.7,53.5,1021.8,6.8,9.3,13.0,15.0,73.0,52.0,0.01,999.9,1,683
1,2020,09,28,2020-09-28,68.1,66.3,1016.0,6.3,9.5,13.0,999.9,73.0,62.1,0.18,999.9,0,300
3,2019,09,25,2019-09-25,63.8,54.6,1009.9,10.0,9.7,13.0,17.1,73.0,59.0,0.0,999.9,0,604
6,2020,06,27,2020-06-27,66.6,63.7,1011.2,6.8,7.2,13.0,999.9,73.0,62.1,0.0,999.9,0,273
6,2023,08,05,2023-08-05,70.1,67.5,1014.2,9.4,7.5,13.0,999.9,77.0,62.1,0.02,999.9,0,259
6,2020,07,04,2020-07-04,66.1,63.5,1012.1,5.1,8.9,13.0,999.9,77.0,60.1,0.0,999.9,1,278
5,2021,09,17,2021-09-17,71.5,67.6,1024.0,8.7,9.3,13.0,26.0,77.0,66.9,0.45,999.9,0,375
5,2021,07,16,2021-07-16,72.9,70.6,1016.9,1.1,7.5,13.0,999.9,77.0,69.8,0.0,999.9,1,350
1,2017,07,10,2017-07-10,68.3,66.1,1018.2,9.6,9.0,13.0,999.9,77.0,62.1,0.0,999.9,0,667
4,2016,09,08,2016-09-08,68.5,66.8,1012.0,6.3,9.0,13.0,999.9,77.0,66.0,0.01,999.9,1,717
4,2020,06,25,2020-06-25,67.8,62.5,1013.3,9.1,7.5,13.0,999.9,77.0,61.0,0.0,999.9,0,251
3,2015,08,12,2015-08-12,71.9,67.4,1008.9,7.2,7.9,13.0,999.9,77.0,64.0,1.01,999.9,1,643
1,2021,06,21,2021-06-21,69.1,66.1,1009.6,3.5,9.0,13.0,999.9,77.0,66.0,0.0,999.9,1,361
1,2023,08,14,2023-08-14,70.8,66.4,1013.9,8.9,8.1,13.0,19.0,77.0,64.9,0.01,999.9,1,262
3,2017,10,11,2017-10-11,62.1,58.7,1019.7,10.0,6.9,13.0,999.9,77.0,55.9,0.0,999.9,0,628
2,2022,06,14,2022-06-14,69.7,59.6,1011.4,8.8,8.7,13.0,999.9,77.0,64.0,0.08,999.9,1,315
7,2021,06,20,2021-06-20,69.5,63.9,1008.8,9.2,10.3,13.0,999.9,77.0,64.9,0.01,999.9,0,323
7,2022,07,17,2022-07-17,73.9,70.9,1017.4,7.1,6.4,13.0,999.9,81.0,60.1,0.0,999.9,1,281
4,2015,08,27,2015-08-27,72.3,60.6,1014.9,10.0,8.5,13.0,999.9,81.0,62.1,0.0,999.9,0,614
1,2022,08,22,2022-08-22,71.2,69.8,1015.5,6.4,8.7,13.0,999.9,81.0,63.0,0.0,999.9,1,249
3,2020,08,12,2020-08-12,75.3,72.7,1016.6,5.9,9.1,13.0,999.9,81.0,71.1,0.0,999.9,1,293
2,2022,08,02,2022-08-02,74.8,71.6,1010.1,8.0,7.5,13.0,999.9,81.0,69.1,0.13,999.9,0,293
6,2016,08,20,2016-08-20,69.1,62.1,1015.2,10.0,8.5,13.0,999.9,81.0,63.0,0.0,999.9,0,579
3,2016,07,20,2016-07-20,68.3,55.6,1020.9,10.0,6.9,13.0,999.9,81.0,60.1,0.0,999.9,0,698
3,2015,09,16,2015-09-16,72.8,61.9,1024.8,10.0,6.2,13.0,999.9,81.0,64.0,0.0,999.9,0,748
3,2016,07,06,2016-07-06,71.8,65.3,1009.9,8.6,6.5,13.0,999.9,81.0,64.0,1.5,999.9,1,680
1,2015,07,20,2015-07-20,73.4,69.9,1005.9,4.1,9.3,13.0,999.9,81.0,69.1,0.0,999.9,1,727
7,2015,01,11,2015-01-11,27.1,12.1,1035.5,10.0,8.8,13.0,17.1,37.0,19.9,0.0,999.9,0,341
3,2015,01,14,2015-01-14,32.1,24.0,1031.2,8.0,9.6,13.0,22.9,37.0,26.1,0.15,999.9,0,506
3,2015,01,21,2015-01-21,32.3,17.7,1018.1,10.0,7.9,13.0,999.9,39.0,25.0,0.0,999.9,0,495
5,2021,01,08,2021-01-08,33.3,24.9,1013.3,10.0,7.2,13.0,999.9,41.0,26.1,0.0,999.9,0,272
6,2015,03,21,2015-03-21,34.2,31.0,1016.6,7.0,8.5,13.0,999.9,41.0,21.9,0.02,999.9,0,507
5,2017,01,06,2017-01-06,31.7,25.8,1015.2,6.1,8.9,13.0,999.9,41.0,28.9,0.03,999.9,1,600
2,2016,12,20,2016-12-20,34.8,25.3,1033.2,10.0,7.0,13.0,999.9,41.0,30.0,0.0,999.9,0,719
2,2020,01,07,2020-01-07,39.0,26.6,1016.6,10.0,8.0,13.0,999.9,43.0,24.1,0.0,999.9,0,408
6,2017,03,18,2017-03-18,34.7,23.9,1024.0,10.0,7.5,13.0,19.0,43.0,21.9,0.0,999.9,0,504
5,2016,01,15,2016-01-15,36.5,25.6,1014.8,10.0,7.2,13.0,999.9,45.0,24.1,0.0,999.9,0,722
3,2017,04,12,2017-04-12,49.1,45.1,1020.6,8.3,9.9,13.0,999.9,55.0,46.0,0.0,999.9,0,540
7,2016,05,01,2016-05-01,45.2,36.3,1024.0,9.7,6.1,13.0,999.9,55.0,37.0,0.0,999.9,0,484
3,2020,11,04,2020-11-04,46.4,32.9,1031.6,10.0,7.9,13.0,999.9,55.0,37.0,0.0,999.9,0,302
7,2015,12,06,2015-12-06,45.4,40.9,1032.5,8.5,6.2,13.0,999.9,55.0,34.0,0.0,999.9,1,485
3,2023,01,04,2023-01-04,52.4,50.6,1011.3,3.4,8.0,13.0,999.9,57.0,35.1,0.23,999.9,1,249