"day","year","mo","da","collision_date","temp","dewp","slp","visib","wdsp","mxpsd","gust","max","min","prcp","fog","NUM_COLLISIONS","z_score"
2,2018,9,23,2018-09-23,59.8,50.2,1023.4,10,3,5.1,NA,78.1,53.1,0,0,475,-0.112394445575373
6,2018,12,20,2018-12-20,38.6,34.4,1020.2,9.6,5,7,NA,48,21,0,0,806,1.94231457273064
4,2013,11,5,2013-11-05,43.5,30.4,1037.8,10,3.9,7,NA,50,37.9,0,0,510,0.104870858475111
5,2012,7,11,2012-07-11,77.1,62,1019.9,10,1.9,7,NA,84,64.9,0,0,565,0.446287764840158
6,2012,8,9,2012-08-09,78.2,69.6,1013.6,9.3,2.3,7,15,88,61,0,0,581,0.545609046691808
6,2012,7,12,2012-07-12,77.4,60.2,1021.7,10,2.3,7,NA,88,57,0,0,577,0.520778726228896
3,2012,9,17,2012-09-17,66.5,48,1018.3,10,2.2,7,NA,77,48.2,0,0,452,-0.25516878823712
4,2017,9,26,2017-09-26,65.9,65.3,1016.8,2.6,3.4,7,NA,77,59,0.12,1,656,1.01117755537142
3,2014,11,10,2014-11-10,48.2,42.2,1019.2,9.6,4,7,NA,59,39,0,0,560,0.415249864261518
3,2016,7,11,2016-07-11,63.1,58.4,1016.8,9.9,4.9,7,NA,70,55,0.01,0,618,0.775289510973749
3,2019,7,8,2019-07-08,64.9,56.7,1014.7,10,4.2,7,NA,75,54,0,0,592,0.613892427964818
7,2014,7,18,2014-07-18,69.6,59.4,1020.7,9.6,5,7,NA,79,63,0.04,0,624,0.812534991668118
6,2016,9,22,2016-09-22,67.2,57.8,1020.9,10,3.7,7,NA,79,57.9,0,0,660,1.03600787583433
7,2012,7,13,2012-07-13,78.9,60.7,1021.8,9.9,3,7,NA,87.1,63,0,0,603,0.682175809237827
7,2012,8,24,2012-08-24,77.3,60.9,1020.7,9.3,2,7,NA,87.1,66,0,0,601,0.669760649006371
7,2012,10,26,2012-10-26,60.8,53.4,1022.6,10,1.5,7,NA,64.9,39.2,0,0,598,0.651137908659187
7,2019,3,1,2019-03-01,26.7,18.2,1026.9,10,4,7,NA,35.1,16,0,0,711,1.35259446173647
4,2014,12,16,2014-12-16,44,37,1019.7,9.6,4.2,8,NA,48,33.1,0,0,645,0.942894174098409
5,2015,11,25,2015-11-25,39.6,26.8,1038.6,10,4.3,8,NA,50,28.9,0,0,717,1.38983994243083
2,2015,9,6,2015-09-06,66.6,55.9,1023.5,10,4.7,8,NA,72,50,0,0,504,0.0676253777807423
1,2014,6,28,2014-06-28,62.2,51.9,1024.1,9.5,4.8,8,NA,72,52,0.02,0,611,0.731836450163652
1,2013,10,5,2013-10-05,61.3,57.7,1018,9.6,4.2,8,NA,72,54,0.13,0,497,0.0241723169706454
2,2018,7,15,2018-07-15,65.5,61.6,1016.5,8.6,5.3,8,NA,72,55.9,0,1,564,0.44008018472443
3,2014,8,25,2014-08-25,63.3,56.5,1020.5,10,3.8,8,NA,72,54,0,0,549,0.346966482988508
1,2012,7,28,2012-07-28,75.5,69.6,1012.2,7,3.9,8,15.9,84,68,0,1,513,0.123493598822295
3,2017,9,25,2017-09-25,64.2,63.7,1017.8,2.8,4.2,8,NA,73,59,0,1,726,1.44570816347239
2,2014,6,8,2014-06-08,64.9,55.5,1013.2,9.8,4.8,8,NA,77,55.9,0,0,516,0.14211633916948
7,2017,8,11,2017-08-11,67.6,65.8,1021.4,9.3,5.8,8,NA,77,60.1,0,1,655,1.00496997525569
6,2014,7,17,2014-07-17,70.4,63.7,1013.3,7.7,4.5,8,NA,77,66.2,0.01,1,587,0.582854527386177
2,2014,8,10,2014-08-10,69.1,61.4,1019.2,9.8,4.6,8,NA,81,57.9,0.01,0,512,0.117286018706567
2,2016,3,6,2016-03-06,33.2,18.7,1024.3,10,3.1,8,NA,41,23,0,0,500,0.0427950573178298
1,2014,2,1,2014-02-01,35.6,25.1,1024.8,10,4.8,8,NA,41,30.9,0,0,507,0.0862481181279267
2,2013,4,28,2013-04-28,48,38.5,1027.1,9.8,3.9,8,NA,57,37,0,0,440,-0.329659749625858
3,2014,9,15,2014-09-15,57.5,47.6,1022,10,3.6,8,NA,66,46.9,0,0,610,0.725628870047924
7,2016,10,7,2016-10-07,55.6,49.7,1025.3,6.9,2.7,8,NA,70,44.1,0,1,754,1.61952040671277
2,2012,7,22,2012-07-22,72.5,59.4,1020.3,10,2,8,NA,82,54,0,0,498,0.0303798970863735
7,2012,9,7,2012-09-07,77,67.8,1012.2,8.7,2.7,8,NA,86,64.4,0,0,680,1.16015947814889
5,2012,8,8,2012-08-08,77.8,67.1,1014.7,8.8,1.1,8,NA,86,64,0,0,528,0.216607300558217
2,2012,7,8,2012-07-08,80.6,65.5,1010.1,8.5,3.1,8,15.9,90,70,0.59,0,464,-0.180677826848383
3,2018,9,17,2018-09-17,65.6,62.6,1020.6,7.9,5,8,NA,75,55.9,0,1,673,1.1167064173388
5,2019,12,25,2019-12-25,35.6,28.9,1022.2,10,4.7,8,NA,46.9,28,0,0,264,-1.42219384999401
1,2013,4,27,2013-04-27,46.6,34.7,1029.1,8.6,3.9,8,NA,55.9,35.1,0,1,517,0.148323919285208
5,2012,8,22,2012-08-22,73.8,60.3,1019.6,9.8,1.7,8,NA,80.1,61,0,0,504,0.0676253777807423
3,2017,8,14,2017-08-14,67.7,65.2,1016.4,6.1,4.3,8,NA,80.1,61,0,1,602,0.675968229122099
3,2015,7,13,2015-07-13,70.9,64.9,1013.8,8.3,5.3,8,NA,80.1,66,0,0,668,1.08566851676016
3,2018,7,30,2018-07-30,71.3,66.7,1020.4,9.9,5.8,8,NA,80.1,64.9,0,0,580,0.53940146657608
4,2018,7,31,2018-07-31,68.9,65.8,1020.4,8.4,4.9,8,NA,80.1,64,0,1,709,1.34017930150501
7,2019,6,28,2019-06-28,66.8,62.9,1020.2,6.3,4.4,8,NA,80.1,57,0,1,753,1.61331282659705
6,2017,7,6,2017-07-06,61.7,59.9,1021.8,9.9,5.9,8,NA,78.1,53.1,0,0,611,0.731836450163652
3,2013,7,22,2013-07-22,68.3,65.9,1015.1,5.6,5.1,8,NA,78.1,64,0.17,1,591,0.60768484784909
7,2014,7,11,2014-07-11,69.1,62.4,1021.9,6.5,4.3,8,NA,78.1,64,0.03,1,642,0.924271433751224
4,2014,8,19,2014-08-19,63.9,56.9,1012.6,8.8,4.1,8,NA,73.9,54,0.01,1,516,0.14211633916948
6,2015,6,18,2015-06-18,59.1,47.7,1019.3,10,3.9,8,NA,66.9,48.9,0,0,615,0.756666770626565
4,2013,5,7,2013-05-07,54.4,49.9,1021.9,4.4,4.5,8,NA,66.9,46,0,1,592,0.613892427964818
1,2013,8,17,2013-08-17,67.3,59.8,1023.8,10,3.2,8,NA,75.9,55.9,0,0,504,0.0676253777807423
7,2019,7,5,2019-07-05,66.1,64.7,1021.4,4.7,3.9,8,NA,75.9,59,0,1,542,0.303513422178411
1,2017,9,16,2017-09-16,66.8,65.5,1020.8,4.6,2.8,8,NA,75.9,61,0,1,623,0.80632741155239
2,2018,9,16,2018-09-16,63.9,59.5,1023.1,6.8,3.7,8,NA,75.9,54,0,1,597,0.644930328543458
2,2013,8,18,2013-08-18,64.8,58.4,1023.8,8.4,3.3,8,NA,75.9,55.9,0.01,1,442,-0.317244589394402
6,2018,5,17,2018-05-17,54.1,54.1,1016.7,5.3,3.6,8,NA,62.1,50,0.32,1,732,1.48295364416676
4,2016,11,1,2016-11-01,46.2,37.1,1027.3,10,4.4,8,NA,53.1,34,0.01,0,732,1.48295364416676
6,2016,1,28,2016-01-28,35,24.4,1016.1,10,4.3,8.9,NA,46,23,0.09,0,681,1.16636705826462
3,2018,11,19,2018-11-19,46.7,41,1021,10,5,8.9,NA,54,37.9,0,0,697,1.26568834011627
7,2012,11,23,2012-11-23,48.3,40.8,1016.5,8.9,3.4,8.9,NA,54,39.2,0,1,481,-0.0751489648810047
5,2013,9,25,2013-09-25,55.3,45.3,1012.3,10,4.5,8.9,NA,64,44.1,0,0,539,0.284890681831227
4,2019,6,18,2019-06-18,60.4,58.8,1015.1,5.7,5.2,8.9,NA,64,55.9,0.02,1,721,1.41467026289375
6,2016,5,12,2016-05-12,55.2,45.5,1020,9.4,4.4,8.9,NA,68,42.1,0,0,744,1.55744460555549
5,2013,6,5,2013-06-05,58.6,45.6,1020.5,9.8,5.7,8.9,NA,68,48.9,0,0,599,0.657345488774915
7,2019,6,7,2019-06-07,59.8,55.3,1012.6,9.8,4.8,8.9,NA,72,51.1,0.22,0,734,1.49536880439821
4,2019,9,10,2019-09-10,62.8,57.5,1027.3,10,6.2,8.9,NA,72,57,0,0,605,0.694590969469283
3,2019,9,9,2019-09-09,63.9,58.4,1023.2,9.8,4.5,8.9,NA,72,57,0,0,603,0.682175809237827
2,2018,9,30,2018-09-30,61,53.5,1025.6,9.7,4.7,8.9,NA,72,51.1,0,1,510,0.104870858475111
3,2013,6,10,2013-06-10,62.2,56.1,1021.3,9.3,6,8.9,NA,72,53.1,0,0,624,0.812534991668118
4,2014,8,26,2014-08-26,63,56,1021.1,10,3.5,8.9,NA,72,53.1,0,0,608,0.713213709816468
2,2014,6,29,2014-06-29,64.7,57.9,1024,9.5,5,8.9,NA,72,55.9,0.01,0,537,0.272475521599771
6,2012,8,23,2012-08-23,74.7,61.7,1020.4,8.9,2,8.9,NA,84,62.6,0,0,574,0.502155985881711
5,2013,7,17,2013-07-17,72.9,65.8,1020.8,9.9,5.6,8.9,NA,84,66.9,0,0,609,0.719421289932196
6,2016,9,1,2016-09-01,71.5,67,1011.2,9.7,6.8,8.9,NA,77,66.9,0,0,675,1.12912157757025
7,2018,7,20,2018-07-20,64.3,56.7,1021.6,10,3.3,8.9,NA,77,54,0,0,700,1.28431108046346
7,2014,7,25,2014-07-25,67.4,60.8,1013.4,10,5.9,8.9,NA,77,61,0,0,653,0.992554815024234
7,2015,8,14,2015-08-14,70.4,63.5,1020.3,8.6,4.8,8.9,NA,81,62.1,0,0,729,1.46433090381957
3,2012,8,27,2012-08-27,71.9,66.3,1019.7,8.6,2.7,8.9,18.1,81,55.4,0.01,1,548,0.34075890287278
3,2014,8,11,2014-08-11,66.3,59.2,1021.1,7.8,3.6,8.9,NA,81,57,0.01,1,604,0.688383389353555
5,2015,8,19,2015-08-19,73.9,70.1,1018.9,6.3,5.4,8.9,NA,81,69.1,0,1,594,0.626307588196274
3,2015,8,24,2015-08-24,71.7,69.2,1013.1,3.8,5.4,8.9,NA,81,68,0,1,575,0.508363565997439
6,2016,7,7,2016-07-07,68.7,66.7,1010.4,4.1,5.9,8.9,NA,81,64,0,1,603,0.682175809237827
4,2018,12,11,2018-12-11,32,22.9,1019.5,10,4.5,8.9,NA,43,25,0,0,707,1.32776414127355
1,2019,2,23,2019-02-23,34.8,27.7,1030.2,10,4.9,8.9,NA,43,30,0,0,439,-0.335867329741586
5,2019,5,1,2019-05-01,46.9,39.2,1030,10,4.7,8.9,NA,55,39.9,0,0,599,0.657345488774915
4,2017,5,9,2017-05-09,48.3,34.9,1014.8,10,6.2,8.9,NA,55,39.9,0,0,651,0.980139654792777
4,2015,10,27,2015-10-27,46.7,36.2,1034.1,10,5.9,8.9,NA,57,36,0,0,631,0.855988052478215
5,2013,11,6,2013-11-06,46.5,41.4,1030.4,10,3.7,8.9,NA,57,36,0,0,635,0.880818372941127
2,2014,5,25,2014-05-25,53.7,44.4,1018.2,10,5.4,8.9,NA,59,48,0,0,472,-0.131017185922558
3,2013,4,29,2013-04-29,49.7,37.9,1025.5,9.9,4.3,8.9,NA,59,39.9,0,0,598,0.651137908659187
6,2012,10,25,2012-10-25,58,51.3,1023.9,10,3,8.9,NA,61,43,0,0,511,0.111078438590839
5,2016,11,9,2016-11-09,51.6,46.1,1009.9,8.8,4.6,8.9,NA,61,39,0,1,541,0.297305842062683
3,2013,5,6,2013-05-06,49.2,43.4,1024.3,5.1,5.5,8.9,NA,61,44.1,0,1,561,0.421457444377246
5,2016,10,12,2016-10-12,52.8,46.7,1028.3,10,5.2,8.9,NA,63,42.1,0,0,498,0.0303798970863735
6,2019,4,25,2019-04-25,47.7,40.9,1013.3,9.9,5.6,8.9,NA,66,39.9,0.02,0,518,0.154531499400936
6,2016,10,6,2016-10-06,57.3,50.9,1025.6,10,5.8,8.9,NA,66,48.9,0,0,764,1.68159620787006
4,2019,8,27,2019-08-27,60.4,54.5,1019.4,10,4.7,8.9,NA,70,50,0,0,529,0.222814880673946
1,2018,6,30,2018-06-30,71.1,65.4,1015.8,10,5.9,8.9,NA,82,62.1,0,0,651,0.980139654792777
1,2015,8,22,2015-08-22,73.9,71.1,1017.2,4.8,6,8.9,NA,82,70,0,1,581,0.545609046691808
2,2018,6,17,2018-06-17,66.7,56.6,1017.7,10,6,8.9,NA,82,54,0,0,627,0.831157732015302
4,2015,7,21,2015-07-21,72.6,69.7,1003.7,3.6,5.4,8.9,NA,82,68,0,1,606,0.700798549585012
6,2017,8,3,2017-08-03,67.5,66,1020.6,9.1,5.8,8.9,NA,75,61,0,1,713,1.36500962196792
6,2017,8,10,2017-08-10,67.8,66,1024.2,8.8,6,8.9,NA,75,59,0,1,650,0.973932074677049
3,2018,7,16,2018-07-16,68.7,67.9,1015.6,2.6,4.7,8.9,NA,75,61,0,1,719,1.40225510266229
1,2019,8,31,2019-08-31,70.3,60.1,1020.7,9.1,5.3,8.9,NA,79,57.9,0,1,502,0.055210217549286
6,2015,8,13,2015-08-13,71.1,65.8,1014.7,8.4,5.2,8.9,NA,79,63,0,1,714,1.37121720208365
4,2017,8,15,2017-08-15,67.8,66.8,1014.6,4.3,4,8.9,NA,79,61,0,1,577,0.520778726228896
4,2019,7,16,2019-07-16,70.3,65.9,1017.6,8.7,5.3,8.9,NA,79,60.1,0,1,658,1.02359271560287
3,2012,7,30,2012-07-30,73.1,65.1,1018.6,10,2.2,8.9,NA,79,64.9,0.01,0,530,0.229022460789674
6,2017,8,17,2017-08-17,68,60.8,1016.6,9.1,5.2,8.9,NA,79,62.1,0,0,639,0.90564869340404
2,2018,9,2,2018-09-02,67,64,1024.9,10,5,8.9,NA,79,55.9,0,0,528,0.216607300558217
3,2016,1,25,2016-01-25,33.5,21.2,1021.4,10,6.5,8.9,NA,37.9,30,0.02,0,658,1.02359271560287
5,2016,2,10,2016-02-10,33.5,28,1002.2,9.1,4.2,8.9,NA,37.9,28,0,0,537,0.272475521599771
1,2019,12,21,2019-12-21,33.3,25.6,1035.1,10,5.2,8.9,NA,39.9,19.9,0,0,520,0.166946659632392
7,2017,4,14,2017-04-14,47.5,34.1,1027.8,10,5,8.9,NA,57.9,37.9,0,0,515,0.135908759053752
4,2014,4,22,2014-04-22,49.5,43.2,1007.7,10,5.6,8.9,NA,57.9,34,0,0,459,-0.211715727427024
5,2019,7,3,2019-07-03,70.2,65.1,1009.9,9.2,5,8.9,NA,80.1,59,0,0,654,0.998762395139962
1,2015,7,25,2015-07-25,68.5,60.2,1015,9.7,4.4,8.9,NA,80.1,60.1,0,0,451,-0.261376368352849
6,2019,7,4,2019-07-04,66.6,63.7,1017.9,6.3,3.7,8.9,NA,80.1,59,0,1,394,-0.615208434949352
4,2016,8,9,2016-08-09,71.5,64.7,1021.5,10,6.6,8.9,27,80.1,62.1,0,0,650,0.973932074677049
4,2018,5,22,2018-05-22,54.6,49.5,1021.1,10,7,8.9,NA,69.1,48,0,0,689,1.21602769919045
2,2019,6,9,2019-06-09,57.7,43.7,1026.7,10,5.3,8.9,NA,69.1,45,0,0,526,0.204192140326761
4,2017,7,18,2017-07-18,69.4,67.9,1019.6,4,5.5,8.9,NA,78.1,62.1,0,1,706,1.32155656115782
7,2019,7,26,2019-07-26,67.1,58.9,1024,9.4,3.4,8.9,NA,78.1,59,0,1,650,0.973932074677049
1,2014,8,9,2014-08-09,70.4,61.3,1017.2,9.9,6.4,8.9,NA,78.1,60.1,0,0,538,0.278683101715499
5,2014,8,6,2014-08-06,70.1,65.7,1010.1,4.4,4.3,8.9,NA,78.1,66,0.01,1,562,0.427665024492974
5,2013,7,31,2013-07-31,70.6,62.6,1019.3,10,6.7,8.9,NA,78.1,64.9,0,0,553,0.371796803451421
7,2013,9,20,2013-09-20,62.6,58.5,1018.4,9.5,6.2,8.9,NA,71.1,53.6,0.01,0,631,0.855988052478215
2,2016,6,26,2016-06-26,60.8,49.4,1023.3,10,5.7,8.9,NA,71.1,50,0,0,582,0.551816626807536
7,2013,10,4,2013-10-04,62.8,57.5,1017.7,9.3,5.2,8.9,NA,71.1,53.6,0.01,1,658,1.02359271560287
7,2018,8,17,2018-08-17,74.9,72.1,1018,6.3,5.1,8.9,NA,87.1,66,0,1,703,1.30293382081064
2,2015,3,1,2015-03-01,23.1,14.2,1037.5,9.1,5.1,8.9,NA,30.9,10,0,0,693,1.24085801965336
7,2018,6,1,2018-06-01,58.6,58.4,1012.6,4.8,6.2,8.9,NA,64.9,51.1,0.13,1,751,1.60089766636559
3,2016,9,26,2016-09-26,55.2,41.1,1021.6,10,5.3,8.9,NA,64.9,44.1,0,0,623,0.80632741155239
1,2017,8,26,2017-08-26,64.1,56.8,1023,9.9,3.7,8.9,NA,73.9,54,0,0,570,0.477325665418799
7,2014,8,1,2014-08-01,67.5,62.9,1023.5,9,5.3,8.9,NA,73.9,59,0.01,0,667,1.07946093664443
6,2019,6,27,2019-06-27,61.4,60.1,1019.2,5.6,4.2,8.9,NA,73.9,57,0.13,1,734,1.49536880439821
4,2013,8,6,2013-08-06,66.2,54.5,1019.1,10,5.3,8.9,NA,73.9,55.9,0,0,543,0.309721002294139
3,2017,7,31,2017-07-31,63.9,57.3,1017.8,10,4.2,8.9,NA,73.9,50,0,0,656,1.01117755537142
4,2014,6,10,2014-06-10,63.8,60.7,1015.8,8.7,5.6,8.9,NA,66.9,61,0.03,0,569,0.471118085303071
1,2017,10,14,2017-10-14,62.4,62,1026.6,6.7,5.5,8.9,NA,66.9,52,0,0,567,0.458702925071614
1,2017,9,2,2017-09-02,58.7,45.2,1022.4,10,5.3,8.9,NA,66.9,50,0,0,562,0.427665024492974
4,2013,10,22,2013-10-22,59.1,52.4,1012.5,10,6.1,8.9,NA,66.9,39.9,0,0,540,0.291098261946955
2,2017,10,22,2017-10-22,60.6,59.2,1028.8,10,6.9,8.9,NA,66.9,46.9,0,0,528,0.216607300558217
2,2012,8,26,2012-08-26,73.9,62.4,1025.2,10,4.6,8.9,15,82.9,60.8,0,0,471,-0.137224766038286
4,2016,8,30,2016-08-30,67.7,59.2,1020,10,6.1,8.9,NA,82.9,59,0,0,622,0.800119831436662
7,2019,8,2,2019-08-02,71.6,64.1,1019.8,7.4,4.7,8.9,NA,82.9,60.1,0,1,610,0.725628870047924
2,2017,9,17,2017-09-17,64.7,64.2,1021.4,4.8,3.4,8.9,NA,75.9,60.1,0,1,586,0.576646947270449
7,2018,8,24,2018-08-24,67.1,61.5,1021.1,10,4.7,8.9,NA,75.9,55,0,0,681,1.16636705826462
6,2015,9,17,2015-09-17,69.3,65.6,1020.7,7.8,5.9,8.9,NA,75.9,48.9,0,1,744,1.55744460555549
6,2013,10,3,2013-10-03,65.8,56.3,1016.4,10,6.5,8.9,NA,75.9,59,0,0,590,0.601477267733362
1,2019,7,27,2019-07-27,67.1,58.1,1025.2,10,4.9,8.9,NA,75.9,55.9,0,0,602,0.675968229122099
7,2014,1,17,2014-01-17,38.6,35.8,1014.8,6.7,3.7,8.9,NA,44.1,32,0,1,589,0.595269687617633
5,2019,3,20,2019-03-20,36.9,27.1,1029.5,10,6.7,8.9,NA,44.1,24.1,0,0,584,0.564231787038993
1,2018,12,1,2018-12-01,38.3,31.9,1020.3,9.9,5.7,8.9,NA,44.1,33.1,0,0,601,0.669760649006371
3,2013,10,14,2013-10-14,51.5,44,1027,10,4.6,8.9,NA,62.1,41,0,0,440,-0.329659749625858
4,2014,3,25,2014-03-25,26.5,10.5,1019.8,10,4.1,8.9,NA,35.1,15.1,0,0,474,-0.118602025691102
5,2015,11,18,2015-11-18,42.9,33.8,1034.9,10,3.2,8.9,NA,51.1,30.9,0,0,628,0.83736531213103
2,2014,12,21,2014-12-21,41.4,34,1024.2,9.8,7.1,9.9,NA,46,36,0.06,0,409,-0.52209473321343
6,2013,11,21,2013-11-21,39,26.7,1035,10,4.9,9.9,NA,48,30.9,0,0,628,0.83736531213103
7,2017,11,24,2017-11-24,40.8,30.7,1016.1,10,6.9,9.9,NA,50,33.1,0,0,502,0.055210217549286
4,2019,2,5,2019-02-05,43,42.1,1014.2,3,4.8,9.9,NA,50,34,0,1,570,0.477325665418799
7,2019,10,25,2019-10-25,55.9,51.1,1025.2,9.6,6,9.9,NA,64,43,0,1,647,0.955309334329865
5,2014,5,21,2014-05-21,56.3,47.6,1014.9,10,6,9.9,NA,68,45,0,0,575,0.508363565997439
3,2014,6,9,2014-06-09,61.2,57,1015.2,7.1,5.6,9.9,NA,68,55,0,1,528,0.216607300558217
5,2013,8,28,2013-08-28,66.4,64.6,1012,3.9,6.8,9.9,NA,72,62.6,0.67,1,482,-0.0689413847652766
6,2014,6,19,2014-06-19,67.3,61.5,1013.6,9.7,6.5,9.9,NA,72,63.7,0,0,675,1.12912157757025
3,2012,7,9,2012-07-09,78.5,56.8,1012.7,10,3.5,9.9,NA,84,68,0.09,0,533,0.247645201136858
5,2012,10,3,2012-10-03,65.6,64.3,1016.6,1.5,3.5,9.9,NA,73,62.6,0.45,1,502,0.055210217549286
2,2017,8,27,2017-08-27,62.3,53.6,1024.6,10,5,9.9,NA,73,50,0,0,498,0.0303798970863735
3,2014,6,23,2014-06-23,62.1,50.3,1019.7,10,4.1,9.9,NA,73,52,0,0,644,0.936686593982681
7,2015,7,17,2015-07-17,64.9,57.6,1019.1,10,6,9.9,NA,73,54,0,0,659,1.0298002957186
3,2019,9,2,2019-09-02,64.9,60.9,1021.2,10,6.4,9.9,NA,73,55.9,0,0,427,-0.410358291130324
5,2017,9,27,2017-09-27,68.7,68.6,1014,1.5,4.7,9.9,NA,77,62.1,0,1,696,1.25948076000054
4,2014,9,2,2014-09-02,71.1,69.4,1013.1,1.7,6.8,9.9,NA,77,68,0.01,1,700,1.28431108046346
6,2018,7,19,2018-07-19,67.9,57.5,1016.8,10,6.3,9.9,NA,77,59,0,0,739,1.52640670497685
6,2015,9,10,2015-09-10,73.8,71.2,1011.3,5.6,5.6,9.9,NA,77,71.6,0,1,716,1.38363236231511
7,2018,7,13,2018-07-13,64.8,55.1,1024.2,10,5,9.9,NA,77,54,0,0,726,1.44570816347239
7,2015,9,18,2015-09-18,70.1,66.5,1017.8,7.9,6.4,9.9,NA,77,48.9,0,1,760,1.65676588740714
6,2016,6,30,2016-06-30,68.9,63.6,1014.4,5.9,6.4,9.9,NA,77,63,0,1,761,1.66297346752287
4,2019,8,6,2019-08-06,68.9,65.5,1013.4,9.8,7.2,9.9,NA,77,63,0,0,551,0.359381643219964
5,2012,8,15,2012-08-15,73.6,68.9,1011.5,6.5,3.5,9.9,NA,81,66.2,0.01,1,602,0.675968229122099
5,2018,7,4,2018-07-04,71.7,70.5,1025.7,4.8,6.8,9.9,NA,81,62.1,0,1,406,-0.540717473560615
4,2012,8,14,2012-08-14,76,62.6,1014,9.6,2.3,9.9,NA,81,69.1,0,0,520,0.166946659632392
3,2018,8,6,2018-08-06,74.8,73.4,1018.6,6.3,7.2,9.9,NA,81,70,0,0,632,0.862195632593943
3,2017,8,21,2017-08-21,69.9,65.6,1020.4,9.8,5.9,9.9,NA,81,61,0,0,627,0.831157732015302
2,2012,7,1,2012-07-01,83.6,63,1008.9,9.7,4.1,9.9,18.1,93,66,0,0,538,0.278683101715499
2,2014,2,9,2014-02-09,30.3,18.2,1018.7,10,4.9,9.9,NA,37,21.9,0,0,450,-0.267583948468577
7,2016,1,29,2016-01-29,41.3,36.8,999.4,10,5.9,9.9,NA,45,23,0,0,645,0.942894174098409
7,2018,3,23,2018-03-23,37.5,31.9,1012.6,10,7,9.9,NA,45,30,0.07,0,732,1.48295364416676
7,2017,1,20,2017-01-20,39.9,32.5,1015.5,10,4.3,9.9,NA,45,37,0,0,605,0.694590969469283
3,2018,5,14,2018-05-14,50.5,49.6,1016.9,6.4,5.5,9.9,NA,57,48,0,1,689,1.21602769919045
2,2019,10,20,2019-10-20,49.3,44.1,1018.2,10,3.9,9.9,NA,59,39,0,0,500,0.0427950573178298
5,2012,10,24,2012-10-24,57.1,53.5,1019.9,6.4,4.1,9.9,NA,59,51.8,0.07,0,494,0.00554957662346098
1,2017,5,27,2017-05-27,57.5,48.6,1011.4,10,7.2,9.9,NA,63,51.1,0.03,0,475,-0.112394445575373
2,2012,11,11,2012-11-11,54.7,45.1,1030.8,7,1.6,9.9,NA,63,37.4,0,0,526,0.204192140326761
3,2016,10,3,2016-10-03,60.5,56.1,1016.2,9.9,4.4,9.9,NA,66,57,0,0,490,-0.0192807438394515
5,2015,10,7,2015-10-07,57,50.5,1014.1,10,5.4,9.9,NA,66,48.9,0,0,668,1.08566851676016
4,2012,10,2,2012-10-02,63.7,54.2,1015.5,7.3,2.4,9.9,NA,70,60.1,0,0,593,0.620100008080546
1,2016,5,21,2016-05-21,55.7,48.8,1021,9.7,6.5,9.9,NA,70,46,0,0,568,0.464910505187343
2,2014,8,3,2014-08-03,66.4,64.6,1019.1,6,5.1,9.9,NA,70,61,0.6,1,476,-0.106186865459645
5,2016,7,27,2016-07-27,75.4,66.3,1012.4,10,7,9.9,NA,82,70,0,0,690,1.22223527930617
4,2017,7,4,2017-07-04,72,61.5,1016.5,9.8,5.8,9.9,NA,82,61,0,0,424,-0.428981031477508
3,2016,8,8,2016-08-08,71.3,61.3,1015.4,10,6.3,9.9,NA,82,62.1,0,0,632,0.862195632593943
4,2012,7,10,2012-07-10,76.5,56.3,1016,10,3.4,9.9,NA,86,61,0,0,524,0.191776980095305
5,2018,9,5,2018-09-05,69.2,64.7,1024.1,9.3,4.8,9.9,NA,86,61,0,1,768,1.70642652833297
7,2018,8,10,2018-08-10,76.9,68.4,1010.2,9.6,6.4,9.9,NA,86,68,0.04,0,707,1.32776414127355
3,2018,7,2,2018-07-02,68.4,64.9,1018.9,8.7,4.7,9.9,NA,86,63,0,0,719,1.40225510266229
1,2016,9,3,2016-09-03,63.2,57.5,1022,10,5.7,9.9,NA,75,55.9,0,0,498,0.0303798970863735
1,2014,7,26,2014-07-26,66.9,63.2,1015.8,9.8,6.9,9.9,NA,75,61,0,0,534,0.253852781252586
3,2015,7,27,2015-07-27,71.1,66.5,1017.3,9.9,8.3,9.9,NA,75,61,0,0,626,0.824950151899574
6,2013,8,8,2013-08-08,67.8,64,1020.1,10,6.7,9.9,NA,75,54,0,0,549,0.346966482988508
5,2018,9,12,2018-09-12,71,69.6,1023,3.1,4,9.9,NA,79,66,0,1,783,1.79954023006889
2,2019,8,18,2019-08-18,71.2,69.7,1016.4,4.2,4,9.9,NA,79,62.1,0,1,481,-0.0751489648810047
2,2019,9,1,2019-09-01,63.8,56.6,1026.5,10,6.9,9.9,NA,79,55.9,0,0,473,-0.12480960580683
5,2013,8,21,2013-08-21,70.3,66.7,1020.1,7.1,6.5,9.9,NA,79,64,0,1,562,0.427665024492974
7,2012,7,6,2012-07-06,81.9,62.3,1011.7,10,3.1,9.9,NA,91,66.9,0,0,638,0.899441113288312
2,2013,1,13,2013-01-13,45.4,44.9,1020.7,4.3,5.8,9.9,NA,46.9,44.1,0.01,1,373,-0.745567617379643
2,2016,3,27,2016-03-27,40,32.8,1028.8,9.8,5.4,9.9,NA,46.9,37,0,0,459,-0.211715727427024
6,2018,3,29,2018-03-29,41.6,40.3,1017.6,8.1,6.5,9.9,NA,48.9,35.1,0,0,613,0.744251610395108
6,2016,11,24,2016-11-24,42.2,34.3,1025.6,10,6,9.9,15,48.9,30,0,0,428,-0.404150711014596
3,2019,2,4,2019-02-04,39.7,36.7,1019.4,7.5,7.3,9.9,NA,48.9,28,0,0,651,0.980139654792777
2,2017,12,3,2017-12-03,42.6,36.3,1023.2,10,6.1,9.9,NA,48.9,35.1,0,0,448,-0.279999108700033
4,2013,1,29,2013-01-29,35.4,34.9,1019,2.6,4.9,9.9,NA,37.4,33.1,0.08,1,542,0.303513422178411
2,2015,2,8,2015-02-08,34.5,29.9,1015.9,7.6,6,9.9,NA,37.9,21.9,0,0,394,-0.615208434949352
3,2017,4,24,2017-04-24,46.6,42.4,1021.9,10,7.6,9.9,NA,55.9,42.1,0,0,541,0.297305842062683
1,2017,11,25,2017-11-25,50.1,47.2,1010.6,10,7.8,9.9,NA,55.9,34,0,0,456,-0.230338467774208
4,2019,11,26,2019-11-26,46.5,42.5,1015.7,10,5.4,9.9,NA,55.9,35.1,0,1,702,1.29672624069491
1,2013,11,16,2013-11-16,51.2,43.6,1025,9.6,6.5,9.9,NA,57.9,46.9,0,0,612,0.73804403027938
7,2014,5,30,2014-05-30,49.7,42.2,1019.4,10,5.7,9.9,NA,57.9,41,0,0,650,0.973932074677049
6,2012,9,13,2012-09-13,70.4,54.8,1027.4,10,3.2,9.9,NA,80.1,62.1,0,0,632,0.862195632593943
1,2019,8,3,2019-08-03,70.3,66.6,1018,10,6.3,9.9,NA,80.1,60.1,0,0,566,0.452495344955886
7,2015,8,28,2015-08-28,71.4,59.5,1019.4,10,6.6,9.9,NA,80.1,62.1,0,0,609,0.719421289932196
7,2012,9,14,2012-09-14,70.5,57.7,1023.4,9.7,2.3,9.9,NA,80.1,55.4,0,0,609,0.719421289932196
3,2019,8,19,2019-08-19,73.3,72.1,1015.6,3.5,6.3,9.9,NA,80.1,68,0,1,563,0.433872604608702
5,2012,9,12,2012-09-12,68.5,49.7,1026.5,10,2.1,9.9,NA,80.1,55,0,0,651,0.980139654792777
6,2018,5,31,2018-05-31,55.1,54.6,1019.2,3.7,6.5,9.9,NA,69.1,50,0,1,698,1.271895920232
5,2019,6,19,2019-06-19,62.3,59.6,1011.6,6.7,6.8,9.9,NA,69.1,57.9,0.32,1,591,0.60768484784909
5,2013,5,1,2013-05-01,49.9,41.4,1030.2,7.4,7,9.9,NA,60.8,39.9,0,1,576,0.514571146113168
3,2012,8,20,2012-08-20,71.4,56.7,1012.5,10,0.8,9.9,NA,78.1,64,0,0,473,-0.12480960580683
5,2012,8,1,2012-08-01,72.2,68.4,1012.4,7.8,2.5,9.9,NA,78.1,66.9,0.55,1,616,0.762874350742293
1,2012,8,18,2012-08-18,69.8,63.7,1011.3,8.4,4.1,9.9,NA,78.1,62.6,0.01,0,540,0.291098261946955
6,2013,8,1,2013-08-01,68.9,64.7,1016.5,9.8,5.3,9.9,NA,78.1,63,0.01,0,643,0.930479013866952
1,2014,7,19,2014-07-19,65,54.1,1024.2,10,5,9.9,NA,78.1,55.9,0,0,480,-0.0813565449967328
1,2016,7,30,2016-07-30,70.8,66.9,1015,9,5.3,9.9,NA,78.1,64.9,0.81,0,599,0.657345488774915
7,2012,10,5,2012-10-05,67.8,59.7,1016.7,8.4,3.3,9.9,NA,78.1,60.8,0,0,693,1.24085801965336
1,2017,10,7,2017-10-07,63.8,63.5,1021.1,3.9,5.7,9.9,NA,71.1,61,0,1,570,0.477325665418799
1,2014,8,30,2014-08-30,60.1,51.2,1025.5,10,6.3,9.9,NA,71.1,46,0,0,510,0.104870858475111
7,2016,6,3,2016-06-03,58.4,55.9,1018.3,7.8,6.7,9.9,NA,64.4,55,0,0,710,1.34638688162074
3,2012,11,12,2012-11-12,56.7,50.2,1029.8,7.4,2.9,9.9,17.1,64.9,48,0,1,547,0.334551322757052
4,2014,10,28,2014-10-28,54.3,48,1017.5,9.9,6.1,9.9,NA,64.9,39.9,0,0,571,0.483533245534527
6,2012,10,18,2012-10-18,56.8,46.7,1016.1,9.7,3.1,9.9,15.9,64.9,42.8,0,0,630,0.849780472362487
5,2019,7,10,2019-07-10,71.5,65.8,1016.8,7.3,6.4,9.9,NA,84.9,60.1,0,1,553,0.371796803451421
1,2016,7,16,2016-07-16,73.5,67.3,1015.4,7,6.4,9.9,NA,84.9,66.9,0,0,623,0.80632741155239
6,2016,8,4,2016-08-04,64.2,57.8,1021.4,10,4.6,9.9,NA,73.9,55.9,0,0,715,1.37742478219938
1,2016,6,4,2016-06-04,60.2,58,1015.6,4.2,5.3,9.9,NA,73.9,54,0,1,635,0.880818372941127
4,2015,6,30,2015-06-30,67.1,61.8,1015.7,9.3,7.1,9.9,NA,73.9,57,0,0,622,0.800119831436662
6,2019,7,18,2019-07-18,71.4,71,1013.2,2,4.9,9.9,NA,73.9,69.1,0,1,620,0.787704671205205
5,2013,8,7,2013-08-07,64.5,55.9,1022,9.9,5.1,9.9,NA,73.9,54,0,0,508,0.0924556982436548
7,2016,8,5,2016-08-05,65.3,60.4,1017.2,9.3,5,9.9,NA,73.9,55,0,1,700,1.28431108046346
2,2018,7,8,2018-07-08,61.7,52.8,1027.4,10,3.8,9.9,NA,73.9,51.1,0,0,545,0.322136162525596
3,2013,7,29,2013-07-29,69.2,67.1,1017.1,6.5,5.3,9.9,NA,73.9,64,0.02,0,597,0.644930328543458
1,2018,7,14,2018-07-14,64.9,59.5,1021.4,10,4.7,9.9,NA,73.9,54,0,0,577,0.520778726228896
4,2012,7,17,2012-07-17,84.6,63.3,1009.3,9.4,3.5,9.9,18.1,93.9,70,0,0,648,0.961516914445593
7,2016,9,16,2016-09-16,57.7,47.7,1026.5,10,6.4,9.9,15,66.9,48,0,0,780,1.78091748972171
4,2014,10,14,2014-10-14,63.2,58.4,1025.4,10,8.2,9.9,NA,66.9,59,0,0,697,1.26568834011627
4,2014,9,16,2014-09-16,61.2,50.8,1017,10,6.5,9.9,NA,66.9,46.9,0,0,613,0.744251610395108
1,2018,10,6,2018-10-06,55.5,46.3,1023,10,6,9.9,NA,66.9,46,0,0,544,0.315928582409867
4,2019,8,20,2019-08-20,75.5,68.2,1017,10,6.8,9.9,NA,82.9,66.9,0,0,574,0.502155985881711
6,2019,8,1,2019-08-01,74.3,70.3,1017.3,5.9,6,9.9,NA,82.9,68,0,1,618,0.775289510973749
4,2012,8,7,2012-08-07,75.2,58.1,1015.7,10,1.2,9.9,NA,82.9,63,0.01,0,547,0.334551322757052
3,2013,7,15,2013-07-15,76.3,71.2,1021.6,9.3,5.7,9.9,NA,82.9,69.1,0,0,581,0.545609046691808
3,2018,8,13,2018-08-13,69.1,68.1,1016.9,7.7,6.2,9.9,NA,75.9,64.9,0.05,1,617,0.769081930858021
1,2013,7,13,2013-07-13,67.9,66.3,1024.4,3.3,6.2,9.9,NA,75.9,63,0.01,1,575,0.508363565997439
1,2014,9,27,2014-09-27,63.5,55.3,1020.7,9.9,6.2,9.9,NA,75.9,53.1,0.01,0,600,0.663553068890643
1,2018,9,15,2018-09-15,65.9,61,1022.9,9.3,5.8,9.9,NA,75.9,57,0,1,596,0.63872274842773
1,2014,7,12,2014-07-12,65.7,58.8,1023.4,9.9,4.4,9.9,NA,75.9,57.9,0.01,0,550,0.353174063104236
1,2018,8,25,2018-08-25,66.5,60.3,1025.9,9,5.8,9.9,NA,75.9,55,0,1,552,0.365589223335693
2,2014,9,28,2014-09-28,63.3,58.5,1020.5,9.9,4.4,9.9,NA,75.9,53.1,0,0,512,0.117286018706567
7,2015,5,29,2015-05-29,65.4,57.4,1024.6,9.2,5.7,9.9,NA,75.9,60.1,0,0,813,1.98576763354073
5,2018,4,11,2018-04-11,37.9,33,1021,10,6.5,9.9,NA,44.1,30,0,0,612,0.73804403027938
4,2019,10,29,2019-10-29,55.1,49.4,1026.8,9.9,7.7,9.9,NA,60.1,52,0,0,639,0.90564869340404
1,2016,10,15,2016-10-15,50.5,38.8,1029.1,10,6.2,9.9,NA,60.1,41,0,0,641,0.918063853635496
1,2018,4,28,2018-04-28,49.5,48.3,1010.7,5.1,6.3,9.9,NA,60.1,39.9,0.13,1,604,0.688383389353555
2,2018,4,29,2018-04-29,50.5,48.7,1010.3,9.2,5.9,9.9,15,60.1,43,0,0,505,0.0738329578964704
4,2012,12,4,2012-12-04,51.9,47.1,1022.8,5.6,2.9,9.9,NA,62.1,37.4,0.04,1,621,0.793912251320933
3,2014,10,13,2014-10-13,50.9,43.2,1027.7,10,4.2,9.9,NA,62.1,39,0,0,451,-0.261376368352849
4,2012,11,27,2012-11-27,38.7,27.2,1024.2,7,4.4,9.9,NA,44.6,33.8,0,0,583,0.558024206923265
1,2015,2,28,2015-02-28,22.2,9.9,1037.3,10,7.2,11.1,15,28,16,0,0,538,0.278683101715499
5,2013,1,9,2013-01-09,39.9,37.6,1026.2,6.8,5.3,11.1,NA,46,28,0,1,487,-0.0379034841866359
6,2012,12,13,2012-12-13,40.3,24.6,1029.8,10,1.7,11.1,NA,46,32,0,0,545,0.322136162525596
5,2016,12,7,2016-12-07,42.8,37.1,1013.5,8.8,7.6,11.1,19,46,39,0.14,0,637,0.893233533172584
6,2014,1,16,2014-01-16,40.8,39.3,1010.6,4.6,5.9,11.1,NA,46,32,0,0,521,0.17315423974812
7,2018,12,14,2018-12-14,37.9,32.3,1033,10,6.2,11.1,NA,46,23,0,0,841,2.15957987678112
6,2019,3,14,2019-03-14,39,33.6,1026.2,10,7.2,11.1,NA,46,28,0,0,611,0.731836450163652
2,2019,12,29,2019-12-29,38.4,30.4,1021.7,10,6.8,11.1,NA,48,30.9,0,0,384,-0.677284236106633
5,2014,4,2,2014-04-02,39.3,28.6,1019.1,10,5.6,11.1,NA,48,32,0,0,519,0.160739079516664
4,2017,3,21,2017-03-21,39.9,26.4,1011.2,10,7.9,11.1,NA,50,34,0,0,636,0.887025953056855
3,2013,12,2,2013-12-02,44,42.1,1014.2,7,7.1,11.1,NA,50,39,0.07,1,549,0.346966482988508
1,2015,12,5,2015-12-05,45.6,34,1035.5,10,6.1,11.1,NA,52,35.1,0,0,629,0.843572892246759
2,2015,4,26,2015-04-26,46.1,34,1004.6,9.8,7.4,11.1,NA,54,37,0,0,477,-0.0999792853439172
1,2015,5,16,2015-05-16,55.5,50.3,1023.7,9.9,7.5,11.1,NA,64,48,0,0,650,0.973932074677049
1,2014,10,4,2014-10-04,59.4,57.3,1007.1,6.8,5.7,11.1,22,64,57,0.02,1,531,0.235230040905402
5,2015,11,4,2015-11-04,57,49.3,1026.2,9.7,7.4,11.1,NA,64,43,0,0,672,1.11049883722307
2,2018,6,24,2018-06-24,62.7,61.5,1010.4,3.7,5.9,11.1,NA,68,57,1.03,1,553,0.371796803451421
6,2019,10,24,2019-10-24,55.5,45.3,1023.6,10,6.7,11.1,NA,68,43,0.24,0,613,0.744251610395108
7,2013,6,21,2013-06-21,62,56.1,1025.9,10,8.3,11.1,NA,68,57,0.05,0,690,1.22223527930617
5,2014,11,12,2014-11-12,56.5,53.5,1012.9,6,5.2,11.1,NA,68,45,0,1,546,0.328343742641324
3,2015,10,12,2015-10-12,60.2,55.1,1011.2,9.7,7.6,11.1,NA,68,46,0,0,505,0.0738329578964704
1,2013,10,19,2013-10-19,57.3,45,1013.9,10,6.2,11.1,15.9,68,46.9,0,0,471,-0.137224766038286
2,2016,7,31,2016-07-31,67.5,64.8,1018.4,6.7,6.8,11.1,NA,72,64.4,0,1,529,0.222814880673946
1,2017,7,15,2017-07-15,64.3,62.7,1013.9,8.4,5.6,11.1,NA,72,60.1,0.11,0,649,0.967724494561321
6,2014,9,18,2014-09-18,61.1,47.4,1014.7,10,5,11.1,15,72,48,0,0,650,0.973932074677049
2,2015,9,13,2015-09-13,68.2,65,1008,8.8,8.4,11.1,15.9,73,63,0,0,478,-0.0937717052281891
4,2014,7,22,2014-07-22,67.1,63.5,1020.4,5.9,5.4,11.1,NA,73,60.1,0.02,1,587,0.582854527386177
3,2014,9,29,2014-09-29,65.9,63.2,1015.5,9.2,6.7,11.1,NA,73,53.1,0.02,0,566,0.452495344955886
7,2014,6,20,2014-06-20,64.6,48.8,1013.2,9.8,6,11.1,NA,73,52,0.08,0,765,1.68780378798578
1,2016,6,18,2016-06-18,62.6,53.5,1021.7,10,7.3,11.1,NA,73,53.1,0,0,700,1.28431108046346
2,2014,6,22,2014-06-22,63.2,49.2,1014.6,9.9,6,11.1,NA,73,48,0,0,477,-0.0999792853439172
1,2018,6,9,2018-06-09,62.9,55.8,1018.7,9.8,5.7,11.1,NA,77,45,0.06,0,706,1.32155656115782
2,2018,6,10,2018-06-10,61.5,49.5,1017.3,9.4,6.8,11.1,NA,77,54,0,1,533,0.247645201136858
1,2019,8,17,2019-08-17,67.5,65.3,1017.6,3.8,7.1,11.1,NA,77,62.1,0,1,533,0.247645201136858
6,2018,7,12,2018-07-12,68.2,59.5,1019.9,10,6.8,11.1,NA,77,60.1,0,0,642,0.924271433751224
7,2017,7,28,2017-07-28,69.2,66.9,1011.3,10,8.5,11.1,NA,77,55.9,0.02,0,685,1.19119737872753
1,2015,7,4,2015-07-04,62.9,55.4,1015.2,8,6.2,11.1,NA,77,55.9,0,0,389,-0.646246335527993
5,2017,7,12,2017-07-12,70.8,70.2,1015.2,1.8,7.3,11.1,NA,77,64.9,0,1,677,1.14153673780171
4,2013,7,30,2013-07-30,71.2,64.3,1018,7.8,7.8,11.1,NA,77,66.2,0.01,1,584,0.564231787038993
2,2018,8,26,2018-08-26,68.2,60.3,1021.4,10,5.4,11.1,NA,77,57,0,0,528,0.216607300558217
5,2017,7,5,2017-07-05,67.9,58.5,1021.9,9.9,6.5,11.1,NA,81,57.9,0,0,706,1.32155656115782
1,2015,8,15,2015-08-15,71.8,67,1020,8.2,6.7,11.1,NA,81,62.1,0,1,582,0.551816626807536
6,2018,7,5,2018-07-05,71.7,71,1025.4,1.6,6.2,11.1,NA,81,66.9,0,1,720,1.40846268277802
6,2016,7,28,2016-07-28,72.2,69,1013.1,9.7,7.2,11.1,NA,81,68,0,0,709,1.34017930150501
3,2017,12,18,2017-12-18,32.7,23.9,1021.3,9.7,4.6,11.1,NA,43,24.1,0,0,706,1.32155656115782
3,2013,3,11,2013-03-11,39.9,34.7,1026.1,10,6.5,11.1,NA,45,36,0,0,522,0.179361819863849
5,2013,12,4,2013-12-04,39.8,31.7,1017.2,9.8,6.4,11.1,NA,45,30.9,0,0,520,0.166946659632392
4,2013,2,26,2013-02-26,35,26.7,1025.2,10,5,11.1,15.9,45,27,0.02,0,537,0.272475521599771
4,2016,11,8,2016-11-08,47.2,38.2,1020.5,10,7.1,11.1,NA,57,39,0,0,620,0.787704671205205
7,2015,11,27,2015-11-27,52.6,48.4,1034.2,9.8,7.5,11.1,NA,59,45,0,0,480,-0.0813565449967328
4,2014,5,6,2014-05-06,52.2,40.5,1011.1,9.6,5.7,11.1,NA,59,46.9,0.01,0,565,0.446287764840158
4,2017,5,30,2017-05-30,53.5,49.6,1021,8.1,7.9,11.1,NA,61,50,0.01,0,647,0.955309334329865
1,2015,10,31,2015-10-31,48.9,37.4,1020.4,10,5.7,11.1,17.1,61,35.1,0,0,357,-0.844888899231293
2,2017,10,1,2017-10-01,55.5,46.8,1025.7,10,7.9,11.1,NA,63,48,0.08,0,571,0.483533245534527
6,2013,10,17,2013-10-17,59.4,57.4,1011.5,7.9,6.1,11.1,NA,63,55,0.01,0,574,0.502155985881711
4,2013,5,28,2013-05-28,56.6,49.6,1023.2,9.9,6.4,11.1,NA,63,46.9,0,0,686,1.19740495884326
4,2013,4,30,2013-04-30,51,30.2,1026.2,10,5.2,11.1,NA,63,39.9,0,0,576,0.514571146113168
2,2018,5,6,2018-05-06,52.5,49.7,1018.6,8.1,6.9,11.1,NA,66,48.9,0,1,495,0.0117571567391891
2,2016,7,10,2016-07-10,63,60.1,1010.6,6.8,7.7,11.1,NA,70,59,0.1,1,508,0.0924556982436548
4,2018,10,9,2018-10-09,63.1,59,1027.5,10,8.6,11.1,NA,70,57,0,0,628,0.83736531213103
5,2015,7,15,2015-07-15,72.3,68.8,1004.1,6.8,4.5,11.1,NA,82,62.1,0.01,1,611,0.731836450163652
1,2018,8,11,2018-08-11,68.8,66.2,1015.2,9,5.8,11.1,NA,86,64,0,0,568,0.464910505187343
1,2012,8,4,2012-08-04,77.9,71.7,1021.1,5.7,4.1,11.1,18.1,90,71.1,0,1,568,0.464910505187343
5,2017,8,9,2017-08-09,67.1,63.5,1021.1,8.2,6.5,11.1,NA,75,59,0.81,1,655,1.00496997525569
4,2017,6,27,2017-06-27,64.3,61.6,1016.3,9.9,7.8,11.1,NA,75,57.9,0,0,757,1.63814314705996
5,2014,7,30,2014-07-30,67.3,60.6,1015.5,9.3,5.5,11.1,NA,75,59,0,0,605,0.694590969469283
6,2014,7,31,2014-07-31,67.7,62.9,1019.8,9.6,6.3,11.1,NA,75,59,0.01,0,626,0.824950151899574
3,2017,8,7,2017-08-07,67.5,64.2,1018.9,10,7.8,11.1,26,75,59,0,0,606,0.700798549585012
1,2018,9,1,2018-09-01,65,59.4,1026.7,10,7.2,11.1,17.1,75,55.9,0,0,529,0.222814880673946
4,2016,9,20,2016-09-20,71.1,69.3,1019.3,8.7,5.6,11.1,NA,75,66,0.22,0,619,0.781497091089477
3,2013,8,12,2013-08-12,68.2,63.2,1016.8,10,7.2,11.1,NA,75,60.1,0,0,519,0.160739079516664
2,2017,6,25,2017-06-25,68.8,60.1,1013,9.4,7.6,11.1,NA,79,59,0,0,590,0.601477267733362
6,2015,6,25,2015-06-25,68.7,57.9,1015.5,10,7.4,11.1,NA,79,62.1,0,0,670,1.09808367699161
6,2017,8,24,2017-08-24,70,60.2,1011.9,10,5.6,11.1,NA,79,63,0,0,631,0.855988052478215
5,2012,7,4,2012-07-04,81.8,65.6,1009.1,9.2,3.6,11.1,NA,91,68,0.06,0,432,-0.379320390551683
7,2013,2,15,2013-02-15,38.6,33.2,1017,9.8,6,11.1,NA,46.9,28,0,0,604,0.688383389353555
4,2018,2,6,2018-02-06,30,20.2,1026.9,10,4.8,11.1,NA,46.9,19.9,0.12,0,545,0.322136162525596
3,2018,1,22,2018-01-22,36.4,35.9,1023.6,7.6,4,11.1,NA,48.9,27,0,0,559,0.409042284145789
4,2015,3,24,2015-03-24,31.4,16.3,1024.7,10,6.7,11.1,NA,37.9,21,0,0,601,0.669760649006371
2,2013,3,3,2013-03-03,37.4,29.3,1002.6,10,7.1,11.1,NA,39.9,36,0,0,502,0.055210217549286
7,2015,12,11,2015-12-11,52.2,50,1014,6.1,5.8,11.1,NA,57.9,46,0,1,694,1.24706559976909
4,2018,4,24,2018-04-24,44.7,41.7,1030.4,10,6.7,11.1,NA,57.9,34,0,0,671,1.10429125710734
6,2018,6,7,2018-06-07,51.5,48,1020.1,10,6.5,11.1,NA,57.9,43,0,0,693,1.24085801965336
5,2013,10,30,2013-10-30,46.8,38.6,1025.8,10,5.2,11.1,NA,57.9,34,0,0,558,0.402834704030061
2,2012,9,2,2012-09-02,75.4,65.9,1017.7,9.8,3.2,11.1,NA,80.1,62.1,0,0,421,-0.447603771824693
4,2018,8,14,2018-08-14,72.8,71.4,1013,4.5,6.9,11.1,NA,80.1,64.9,0,1,701,1.29051866057918
4,2015,7,28,2015-07-28,72.4,68.7,1016.2,9,7.2,11.1,NA,80.1,68,0,1,643,0.930479013866952
4,2019,7,9,2019-07-09,69,61.7,1015.8,9.7,6.5,11.1,NA,80.1,54,0,0,661,1.04221545595006
1,2015,8,29,2015-08-29,70.3,62.5,1021.8,10,7,11.1,NA,80.1,62.1,0,0,539,0.284890681831227
7,2015,6,19,2015-06-19,65.6,58,1013.2,10,7.4,11.1,14,80.1,48.9,0,0,732,1.48295364416676
2,2013,8,11,2013-08-11,69.5,56.7,1017,10,7.5,11.1,NA,80.1,60.1,0,0,481,-0.0751489648810047
5,2013,9,18,2013-09-18,56.1,42.7,1025.2,10,5.8,11.1,NA,69.1,43,0,0,571,0.483533245534527
1,2013,9,28,2013-09-28,59.2,50.1,1024.6,10,7.4,11.1,NA,69.1,50,0,0,547,0.334551322757052
2,2015,6,7,2015-06-07,59.5,45.8,1020.5,10,7.7,11.1,NA,69.1,51.1,0.14,0,559,0.409042284145789
2,2019,8,4,2019-08-04,73.3,70.4,1012.6,9.9,7.9,11.1,NA,78.1,60.1,0,0,499,0.0365874772021016
3,2017,7,17,2017-07-17,67.3,66.8,1018.5,3.9,5.7,11.1,NA,78.1,62.1,0,1,639,0.90564869340404
4,2015,7,7,2015-07-07,68.1,64.3,1019.7,7.4,8.2,11.1,NA,78.1,62.1,0,0,646,0.949101754214137
4,2013,8,20,2013-08-20,71,64.7,1017.3,9.5,7,11.1,NA,78.1,57,0.01,0,542,0.303513422178411
2,2019,9,22,2019-09-22,64.6,62.1,1021,6.4,6.5,11.1,NA,78.1,57,0,1,515,0.135908759053752
4,2018,10,2,2018-10-02,64.7,62.1,1022.8,9.5,6.6,11.1,NA,71.1,52,0,0,613,0.744251610395108
4,2016,6,28,2016-06-28,66.1,64,1017.2,7.5,8.1,11.1,NA,71.1,60.1,0,1,675,1.12912157757025
6,2016,6,23,2016-06-23,63,59.4,1012.3,8.3,7,11.1,NA,71.1,55.9,0,1,643,0.930479013866952
6,2012,8,2,2012-08-02,75,68.4,1011.3,6.2,2.7,11.1,NA,87.1,66.2,0.11,1,570,0.477325665418799
2,2019,6,2,2019-06-02,56.9,54.7,1008,5.1,6.9,11.1,NA,64.9,52,0,1,515,0.135908759053752
1,2015,5,9,2015-05-09,54.3,50.9,1026.1,4.4,6.4,11.1,NA,64.9,46.9,0,1,560,0.415249864261518
6,2019,7,11,2019-07-11,66.8,65.7,1015.9,2.2,5.8,11.1,NA,84.9,64,0,1,658,1.02359271560287
2,2016,7,17,2016-07-17,70.6,68.7,1019.1,4.1,6.6,11.1,NA,84.9,66.9,0,1,574,0.502155985881711
7,2019,8,16,2019-08-16,66.6,64.4,1017.6,7.8,7,11.1,NA,73.9,62.1,0,1,523,0.185569399979577
4,2018,7,3,2018-07-03,66.9,66.2,1021.5,2.9,6.2,11.1,NA,73.9,61,0,1,678,1.14774431791744
7,2017,9,15,2017-09-15,67.9,67.7,1016.3,6.7,6.3,11.1,NA,73.9,64,0.02,1,827,2.07267375516093
7,2014,1,10,2014-01-10,28.8,22.6,1034.1,9.7,5.8,11.1,NA,39.2,12.9,0,0,667,1.07946093664443
6,2015,11,5,2015-11-05,58.9,55.9,1025.8,9.1,7.6,11.1,NA,66.9,48.9,0,1,690,1.22223527930617
6,2016,10,13,2016-10-13,59.6,56.6,1020.1,9.9,7.3,11.1,NA,66.9,42.1,0,0,757,1.63814314705996
7,2017,8,4,2017-08-04,67.7,66.7,1019.7,2.9,6.3,11.1,NA,75.9,61,0,1,758,1.64435072717569
3,2013,9,2,2013-09-02,70.8,68.7,1010.3,7,7.7,11.1,NA,75.9,68,0,1,431,-0.385527970667411
5,2017,8,2,2017-08-02,68.6,66.6,1018.9,9.9,6.5,11.1,NA,75.9,63,0,0,618,0.775289510973749
1,2019,9,21,2019-09-21,67,59.2,1021.2,9.9,6.5,11.1,NA,75.9,60.1,0,0,577,0.520778726228896
4,2013,9,3,2013-09-03,70.1,69,1008.1,2,6.8,11.1,NA,75.9,66,0.05,1,551,0.359381643219964
1,2017,8,5,2017-08-05,67.7,67.2,1014.1,2.5,7.9,11.1,NA,75.9,64,0,1,573,0.495948405765983
1,2014,6,14,2014-06-14,66.5,63.8,1009.7,4.8,5.7,11.1,NA,75.9,62.1,0.26,1,613,0.744251610395108
4,2014,8,5,2014-08-05,69.2,67.4,1016.2,3.7,6.6,11.1,NA,75.9,64.9,0,1,606,0.700798549585012
2,2018,8,12,2018-08-12,70.9,69.7,1017.6,7.8,7.3,11.1,NA,75.9,64,0.01,0,499,0.0365874772021016
3,2015,9,28,2015-09-28,66.8,62,1025.3,9.7,6.7,11.1,NA,75.9,48,0,0,586,0.576646947270449
4,2018,4,10,2018-04-10,37.7,31.7,1021.9,9.1,6.5,11.1,NA,42.1,30.9,0,0,668,1.08566851676016
7,2018,2,9,2018-02-09,28.3,17.3,1032.6,10,6.2,11.1,19,42.1,19.9,0.08,0,583,0.558024206923265
5,2015,3,25,2015-03-25,33.6,24.1,1028.8,9.9,6.7,11.1,NA,44.1,24.1,0,0,538,0.278683101715499
2,2018,11,18,2018-11-18,41.7,29.3,1025.8,10,6.7,11.1,NA,44.1,35.1,0,0,470,-0.143432346154014
7,2013,1,11,2013-01-11,38,31.4,1030.6,10,5.4,11.1,NA,44.1,32,0,0,660,1.03600787583433
5,2019,3,13,2019-03-13,34.5,22.8,1026,10,6.7,11.1,NA,44.1,26.1,0,0,562,0.427665024492974
4,2018,5,8,2018-05-08,48.4,46.3,1024.3,4.9,6.9,11.1,NA,60.1,39,0,1,736,1.50778396462967
7,2015,6,5,2015-06-05,53.1,46.6,1021.2,10,7.3,11.1,NA,60.1,43,0,0,692,1.23465043953763
5,2012,10,17,2012-10-17,51.9,38,1014.3,10,1.3,11.1,NA,60.1,44.1,0,0,615,0.756666770626565
5,2014,5,7,2014-05-07,51.6,38.3,1019.8,10,6.8,11.1,NA,60.1,46,0,0,603,0.682175809237827
2,2019,4,7,2019-04-07,45.3,39.4,1023.5,10,7.4,11.1,NA,60.1,37.9,0.01,0,487,-0.0379034841866359
3,2015,11,16,2015-11-16,54,41.2,1020.4,10,8.3,11.1,NA,60.1,41,0,0,618,0.775289510973749
5,2017,5,31,2017-05-31,55.4,53.1,1017.8,3.6,7.8,11.1,NA,62.1,50,0.01,1,669,1.09187609687588
4,2017,10,3,2017-10-03,54.1,47.5,1035.7,10,6,11.1,NA,62.1,46,0,0,687,1.20361253895899
3,2014,12,15,2014-12-15,37.8,31.6,1014.5,9.9,5.8,11.1,NA,44.6,32,0,0,720,1.40846268277802
1,2014,3,1,2014-03-01,24.1,12.5,1029.1,10,5.2,11.1,NA,35.1,12,0,0,497,0.0241723169706454
1,2014,12,27,2014-12-27,43.7,36.4,1021.8,10,7.4,11.1,NA,51.1,37.9,0,0,406,-0.540717473560615
2,2015,5,3,2015-05-03,44.5,38,1019,9.9,5.3,11.1,NA,53.1,32,0,1,555,0.384211963682877
3,2013,4,15,2013-04-15,46.1,34.2,1026,10,8.1,11.1,NA,53.1,39,0,0,603,0.682175809237827
3,2014,4,21,2014-04-21,43.1,36.9,1022.3,10,6.2,11.1,NA,53.1,34,0,0,521,0.17315423974812
4,2014,3,4,2014-03-04,24.8,12.2,1025.5,10,8.3,12,NA,30,21,0,0,532,0.24143762102113
1,2014,2,8,2014-02-08,28.2,14.2,1023.9,10,8.6,12,19,32,21.9,0,0,424,-0.428981031477508
2,2016,12,11,2016-12-11,29.9,13.3,1031.6,10,7.5,12,15.9,36,24.1,0,0,522,0.179361819863849
4,2017,2,21,2017-02-21,37.1,26.6,1026.3,10,6.9,12,NA,46,30,0,0,483,-0.0627338046495484
7,2019,12,27,2019-12-27,40.1,35,1026.1,10,7.6,12,NA,48,28.9,0,0,448,-0.279999108700033
4,2017,3,28,2017-03-28,40.7,38.5,1015.5,5,8.7,12,17.1,48,37,0.01,1,592,0.613892427964818
3,2017,1,2,2017-01-02,37.4,28.7,1032,10,7.1,12,NA,50,26.1,0.03,0,449,-0.273791528584305
7,2013,12,20,2013-12-20,42.5,37.5,1019,8.3,7.4,12,NA,52,32,0,0,674,1.12291399745452
3,2015,4,13,2015-04-13,45,38.2,1027.8,10,9.1,12,NA,54,32,0,0,554,0.378004383567149
4,2012,12,18,2012-12-18,47.3,44.5,1000.3,5.3,7,12,22,54,42.1,0.34,0,645,0.942894174098409
6,2019,6,20,2019-06-20,61,59.3,1003.1,3,8.1,12,NA,64,57,0.12,1,697,1.26568834011627
3,2016,4,18,2016-04-18,49.5,35.9,1022.5,10,6,12,NA,64,37,0,0,687,1.20361253895899
1,2013,5,18,2013-05-18,54.6,45.2,1025.3,10,5.1,12,NA,64,44.1,0,0,506,0.0800405380121985
3,2017,10,23,2017-10-23,59.5,58.7,1026.8,6.5,7.2,12,NA,68,52,0,1,669,1.09187609687588
1,2017,10,21,2017-10-21,58.8,50.3,1024.1,10,7,12,NA,68,46.9,0,0,583,0.558024206923265
1,2014,9,20,2014-09-20,57,47.3,1027.2,10,7.7,12,NA,68,44.1,0,0,594,0.626307588196274
1,2014,10,18,2014-10-18,62.7,58.8,1003.7,9,7.5,12,NA,68,59,0.02,0,494,0.00554957662346098
5,2016,6,29,2016-06-29,67.2,64.8,1012.9,7.2,7.5,12,NA,72,64,0,1,687,1.20361253895899
6,2017,7,27,2017-07-27,61.8,59.2,1017.7,10,7.3,12,NA,72,55,0,0,610,0.725628870047924
2,2012,9,23,2012-09-23,63.8,50.3,1015.4,9,6.4,12,15.9,72,55.4,0.22,0,480,-0.0813565449967328
6,2018,6,21,2018-06-21,63.4,61.5,1008.8,8.1,6.4,12,NA,72,52,0.09,1,815,1.99818279377219
3,2019,6,17,2019-06-17,66,60.9,1014.3,8.1,6.3,12,NA,72,59,0,1,552,0.365589223335693
1,2015,6,27,2015-06-27,61.5,55.4,1020.4,9.2,8.4,12,NA,72,54,0,1,595,0.632515168312002
3,2018,8,27,2018-08-27,73.1,69.6,1017.3,9.1,8.7,12,NA,84,62.1,0,0,651,0.980139654792777
4,2016,8,16,2016-08-16,73.1,69,1022.3,10,7.9,12,NA,84,66.9,0,0,644,0.936686593982681
4,2012,7,3,2012-07-03,79.8,56.7,1012.8,10,2.9,12,NA,88,63,0,0,664,1.06083819629724
7,2013,8,16,2013-08-16,67.4,59.7,1021.2,10,8.2,12,NA,73,62.1,0,0,678,1.14774431791744
5,2014,8,20,2014-08-20,63.8,55.9,1015.5,9.9,6,12,NA,73,52,0.01,0,551,0.359381643219964
4,2014,6,17,2014-06-17,62.5,55.2,1019,10,8.2,12,NA,73,57.9,0,0,666,1.0732533565287
6,2014,8,21,2014-08-21,67.1,60.6,1017.5,10,7.7,12,NA,73,52,0.01,0,567,0.458702925071614
1,2016,9,17,2016-09-17,62.6,57.6,1024.5,9.7,6,12,NA,73,48,0,0,646,0.949101754214137
3,2014,8,4,2014-08-04,68.2,65.5,1017.7,6,5.2,12,NA,73,64,0.04,1,589,0.595269687617633
7,2016,6,17,2016-06-17,63,51.5,1012.4,10,7.4,12,NA,73,55.9,0,0,748,1.58227492601841
3,2014,6,30,2014-06-30,67.3,61.6,1019,10,8,12,NA,73,55,0.01,0,610,0.725628870047924
1,2014,6,21,2014-06-21,59.9,46.2,1013.9,10,5.1,12,NA,73,48,0,0,557,0.396627123914333
5,2015,6,10,2015-06-10,65.2,58.5,1010.9,6.4,8.8,12,NA,73,57.9,0.07,1,667,1.07946093664443
1,2014,8,16,2014-08-16,66.3,58.8,1015.3,9.7,8.2,12,NA,73,59,0,0,490,-0.0192807438394515
5,2013,7,10,2013-07-10,71.1,69.7,1015.5,1.9,7.1,12,NA,77,69.1,0,1,614,0.750459190510837
2,2015,7,19,2015-07-19,71.4,67.9,1011.9,6.9,9,12,NA,77,64,0,1,545,0.322136162525596
6,2015,7,2,2015-07-02,68.7,62.5,1011.7,7.1,7,12,NA,77,61,0,0,603,0.682175809237827
5,2019,9,4,2019-09-04,66.6,64.8,1015.1,6.6,7.7,12,NA,77,57.9,0,1,600,0.663553068890643
1,2012,7,21,2012-07-21,68.1,58.5,1018.3,9.8,4.1,12,NA,77,57.9,0.43,0,528,0.216607300558217
5,2016,8,24,2016-08-24,70.1,63.3,1024.3,10,8.5,12,NA,77,63,0,0,635,0.880818372941127
3,2015,6,22,2015-06-22,67.1,62.7,1012,6.2,6.2,12,NA,77,59,1.8,1,774,1.74367200902734
2,2013,7,21,2013-07-21,72.8,69.1,1012.6,6.6,5.3,12,NA,77,66.9,0.04,0,447,-0.286206688815761
1,2017,8,12,2017-08-12,65.9,65.8,1016.4,4.2,5.8,12,NA,77,60.1,0.07,1,526,0.204192140326761
5,2016,9,21,2016-09-21,70,64.4,1020.2,5.3,6.4,12,NA,77,62.1,0.07,1,621,0.793912251320933
1,2015,9,19,2015-09-19,70.4,66.2,1015.3,6.6,5.2,12,NA,77,63,0.01,1,655,1.00496997525569
4,2015,8,25,2015-08-25,72.8,68.7,1012.4,9.7,7.4,12,NA,81,66.9,0.01,0,595,0.632515168312002
5,2015,8,5,2015-08-05,74.5,68.8,1011.2,7.6,7.8,12,NA,81,68,0.02,1,619,0.781497091089477
4,2012,8,21,2012-08-21,72.8,57.2,1015.5,10,2.5,12,NA,81,60.8,0,0,482,-0.0689413847652766
2,2016,8,28,2016-08-28,67.7,61.7,1024.1,8.7,5.8,12,NA,81,57.9,0,1,559,0.409042284145789
2,2018,8,5,2018-08-05,74.3,70.4,1019.6,8.8,7.1,12,NA,81,69.1,0.05,0,573,0.495948405765983
5,2015,9,9,2015-09-09,75.8,71,1013.9,7.6,10.3,12,18.1,81,71.6,0,1,740,1.53261428509258
4,2018,3,20,2018-03-20,32.5,17.5,1013.5,10,9.1,12,NA,37,26.1,0,0,597,0.644930328543458
5,2014,12,31,2014-12-31,26.9,8.3,1025.3,9.9,7.5,12,NA,37,21.9,0,0,461,-0.199300567195567
6,2015,1,22,2015-01-22,35.5,30.5,1021,8.4,8.4,12,NA,39,25,0.13,0,508,0.0924556982436548
1,2014,12,20,2014-12-20,38.2,30.8,1020.7,10,8.3,12,15.9,43,34,0,0,505,0.0738329578964704
5,2012,12,12,2012-12-12,40.1,23.6,1026,10,3.3,12,19,43,33.8,0.01,0,550,0.353174063104236
6,2018,1,11,2018-01-11,38.5,38,1030.1,10,8.6,12,NA,45,21.9,0,0,696,1.25948076000054
3,2015,12,14,2015-12-14,52.6,48.2,1016.4,6.7,7.9,12,NA,57,50,0,1,637,0.893233533172584
4,2014,11,11,2014-11-11,51,47.2,1020.7,9.5,8.2,12,NA,59,39,0,1,493,-0.000658003492267148
7,2013,4,26,2013-04-26,49.5,37.8,1026.9,9.5,6.5,12,NA,61,37.9,0.06,0,675,1.12912157757025
4,2013,10,15,2013-10-15,53.9,47.3,1023.8,10,6.3,12,NA,63,41,0.01,0,615,0.756666770626565
2,2017,5,28,2017-05-28,51.8,46.1,1015.5,9.4,6.1,12,NA,63,45,0,0,474,-0.118602025691102
6,2017,4,27,2017-04-27,52.9,50.7,1011.6,3,5.3,12,NA,63,48,0.06,1,688,1.20982011907472
6,2017,6,8,2017-06-08,52.7,45.2,1016.5,9.2,5.5,12,NA,63,39.9,0.01,0,660,1.03600787583433
2,2013,5,19,2013-05-19,56.3,49.4,1027.4,9.3,6.6,12,NA,63,46.9,0,0,544,0.315928582409867
6,2016,5,19,2016-05-19,53.9,44.5,1019.1,10,6.7,12,15,63,45,0.05,0,694,1.24706559976909
4,2013,6,18,2013-06-18,60.9,58.6,1012.9,3.1,4.9,12,22.9,66,57.2,0.07,1,613,0.744251610395108
7,2017,6,2,2017-06-02,58.2,48.2,1013.4,8.3,8.2,12,NA,66,52,0,1,737,1.5139915447454
5,2016,5,11,2016-05-11,55.6,42.2,1020.2,10,7.6,12,NA,66,39.9,0,0,699,1.27810350034773
7,2016,5,20,2016-05-20,56.4,47.9,1021.7,10,6.6,12,NA,70,46,0,0,782,1.79333264995316
3,2018,10,1,2018-10-01,62,56.1,1026.4,10,5.4,12,NA,70,51.1,0,0,583,0.558024206923265
1,2019,9,28,2019-09-28,63.8,59.3,1020.9,10,8.2,12,NA,70,54,0,0,532,0.24143762102113
1,2017,9,9,2017-09-09,63.1,57,1021.1,10,7.5,12,NA,70,54,0,0,608,0.713213709816468
5,2014,10,15,2014-10-15,64.9,62.1,1021,9.9,9.5,12,NA,70,61,0.01,0,575,0.508363565997439
1,2016,5,14,2016-05-14,59.4,54,1006.2,6.9,8.1,12,NA,70,45,0.1,1,589,0.595269687617633
2,2015,9,27,2015-09-27,59.4,50.9,1031.1,10,7,12,15.9,70,48,0,0,493,-0.000658003492267148
6,2016,8,18,2016-08-18,71.5,65.7,1015.5,9.9,6.1,12,NA,82,64.9,0,0,635,0.880818372941127
6,2014,9,4,2014-09-04,69.4,60.8,1020.5,9.9,5.2,12,NA,82,59,0,0,727,1.45191574358812
5,2018,8,8,2018-08-08,74.6,73.6,1013.9,5.9,8.1,12,NA,82,70,0,1,656,1.01117755537142
2,2015,8,16,2015-08-16,74.3,68.8,1019.1,9.5,8.5,12,NA,82,70,0,0,552,0.365589223335693
5,2015,7,29,2015-07-29,76,69.9,1014.2,5.4,6.8,12,NA,86,68,0,1,629,0.843572892246759
2,2018,7,1,2018-07-01,70.8,66.4,1016.2,8.8,5.9,12,NA,86,62.1,0,0,563,0.433872604608702
5,2014,8,27,2014-08-27,67.5,64.7,1016.3,6.5,7.3,12,NA,75,53.1,0.02,1,538,0.278683101715499
1,2018,6,16,2018-06-16,62.8,56,1014.9,9.3,8.2,12,NA,75,51.1,0.01,0,677,1.14153673780171
2,2012,8,19,2012-08-19,68.7,55,1014.2,10,1.3,12,NA,75,62.1,0.23,0,467,-0.162055086501199
4,2018,7,24,2018-07-24,69.2,68.1,1025.8,5.7,9.8,12,NA,75,66,0,1,654,0.998762395139962
1,2016,6,25,2016-06-25,62.1,52.1,1021.7,10,8,12,18.1,75,53.1,0,0,688,1.20982011907472
2,2019,9,15,2019-09-15,68.2,65.3,1020.4,8.8,8.2,12,NA,75,52,0.02,0,604,0.688383389353555
2,2013,8,25,2013-08-25,64,54.6,1026.6,10,6.7,12,NA,75,50,0,0,459,-0.211715727427024
4,2014,8,12,2014-08-12,67.2,62.2,1020.2,10,7.8,12,NA,75,57,0.01,0,491,-0.0130731637237234
5,2017,7,19,2017-07-19,71.6,70.3,1016.5,4.2,7.6,12,NA,79,66,0,1,747,1.57606734590268
7,2016,8,26,2016-08-26,73.4,70,1016.1,9.7,10.1,12,NA,79,68,0,0,756,1.63193556694423
7,2015,8,7,2015-08-07,71.2,61.9,1013.1,10,7.4,12,NA,79,64,0,0,726,1.44570816347239
2,2012,7,29,2012-07-29,71.7,66.1,1015.1,9.4,3.2,12,15.9,79,66.9,0.18,0,376,-0.726944877032458
7,2016,9,23,2016-09-23,66.3,62.1,1016.5,9.5,5.8,12,NA,79,55.9,0,1,812,1.97956005342501
5,2019,7,31,2019-07-31,72.9,70.9,1017.2,5.6,7,12,NA,79,68,0,1,604,0.688383389353555
4,2019,6,25,2019-06-25,61.5,59.5,1013.4,6,8.5,12,NA,79,57.9,0,1,662,1.04842303606579
6,2012,9,6,2012-09-06,73.2,65.3,1011.3,9.7,2.3,12,NA,79,62.6,0.59,0,572,0.489740825650255
5,2017,2,22,2017-02-22,40.6,35.2,1018,9.7,7.8,12,NA,46.9,32,0,0,477,-0.0999792853439172
3,2014,1,13,2014-01-13,38.6,31.2,1018.7,9.2,7.7,12,NA,46.9,28.9,0.01,0,568,0.464910505187343
2,2017,11,12,2017-11-12,35.8,29.8,1032.6,10,5,12,NA,46.9,24.1,0,0,539,0.284890681831227
4,2014,3,11,2014-03-11,41.3,34.1,1002.9,8.3,9,12,18.1,48.9,32,0,0,510,0.104870858475111
2,2018,1,21,2018-01-21,39.7,31.7,1018.2,10,7.2,12,NA,48.9,28,0,0,418,-0.466226512171877
1,2013,11,30,2013-11-30,31.3,15.4,1038.9,10,6.5,12,NA,37.9,25,0,0,479,-0.087564125112461
5,2015,2,4,2015-02-04,28.1,18.4,1024.9,10,7.6,12,NA,39.9,14,0,0,585,0.570439367154721
3,2018,12,24,2018-12-24,35.2,29.1,1017.2,9.5,4.9,12,NA,39.9,28.9,0,0,580,0.53940146657608
2,2019,11,3,2019-11-03,51,36.8,1016.8,10,7.5,12,NA,55.9,36,0,0,479,-0.087564125112461
3,2019,11,4,2019-11-04,48.1,30,1026.3,10,7.5,12,NA,55.9,42.1,0,0,623,0.80632741155239
3,2018,4,23,2018-04-23,46.4,33.6,1030.7,10,7.1,12,15.9,57.9,35.1,0,0,675,1.12912157757025
6,2016,7,21,2016-07-21,70.4,63.4,1020.2,10,7.4,12,NA,80.1,60.1,0,0,731,1.47674606405103
4,2019,7,30,2019-07-30,73,71.1,1016.3,6.6,7.8,12,NA,80.1,69.1,0,1,638,0.899441113288312
7,2015,7,24,2015-07-24,71.7,60.3,1012.2,10,7.5,12,NA,80.1,62.1,0,0,490,-0.0192807438394515
6,2013,6,20,2013-06-20,60.6,53.1,1023.9,9.6,5.6,12,NA,69.1,52,0.1,0,681,1.16636705826462
7,2019,9,20,2019-09-20,58.8,50.6,1022.2,10,6.6,12,NA,69.1,45,0,0,688,1.20982011907472
3,2018,5,21,2018-05-21,60.9,51,1019,9.5,8.7,12,NA,69.1,52,0.03,0,626,0.824950151899574
7,2018,9,21,2018-09-21,60.6,54.6,1024.2,10,6.9,12,NA,69.1,53.1,0,0,715,1.37742478219938
2,2017,7,16,2017-07-16,69.3,67.7,1013.7,5.8,7.1,12,NA,78.1,60.1,0,1,515,0.135908759053752
5,2018,6,20,2018-06-20,62.8,58.8,1011.4,7.9,5.2,12,NA,78.1,52,0,1,698,1.271895920232
6,2019,7,25,2019-07-25,69.5,61.4,1017.7,10,5.8,12,NA,78.1,61,0,0,605,0.694590969469283
4,2019,8,13,2019-08-13,71.2,68.7,1011.2,7.9,8.4,12,NA,78.1,66,0,0,469,-0.149639926269742
7,2016,5,27,2016-05-27,60,55.8,1020,6.5,8.2,12,NA,78.1,55.9,0,1,767,1.70021894821724
1,2013,6,22,2013-06-22,63.4,58.5,1024.6,10,8.2,12,NA,71.1,59,0,0,599,0.657345488774915
7,2018,6,15,2018-06-15,59,54,1011.3,9.3,6.2,12,NA,71.1,54,0,0,728,1.45812332370384
5,2018,6,27,2018-06-27,62.7,59.1,1021,10,9.3,12,NA,71.1,50,0,0,540,0.291098261946955
7,2015,7,31,2015-07-31,76.7,68.5,1009.5,8.5,8.5,12,17.1,87.1,71.1,0,0,753,1.61331282659705
3,2019,7,22,2019-07-22,76.5,70.8,1009.8,9.5,7,12,NA,87.1,69.1,0,0,641,0.918063853635496
1,2019,7,20,2019-07-20,76.2,72.3,1009.2,6.1,9.1,12,NA,87.1,64.9,0,1,586,0.576646947270449
6,2014,1,9,2014-01-09,23.5,8.3,1034.2,10,7.9,12,20,28.9,12,0,0,561,0.421457444377246
7,2012,12,7,2012-12-07,38.8,30.9,1022.7,7.9,1.9,12,NA,48.2,26.6,0,0,714,1.37121720208365
1,2012,10,27,2012-10-27,61.9,53.9,1017,9.6,4.3,12,16.9,64.9,42.8,0,0,524,0.191776980095305
5,2014,6,4,2014-06-04,55.2,51.2,1011.4,7.6,8.3,12,NA,64.9,51.1,0,1,582,0.551816626807536
2,2016,10,2,2016-10-02,61.3,59.2,1017.8,4.4,9,12,NA,64.9,59,1.22,1,486,-0.0441110643023641
6,2017,7,20,2017-07-20,74.7,70.6,1013.9,5.3,7.7,12,NA,84.9,66.9,0,1,774,1.74367200902734
1,2017,7,22,2017-07-22,74,67.2,1010.5,8.8,7.1,12,NA,84.9,68,0,0,648,0.961516914445593
1,2014,6,7,2014-06-07,65.6,54,1012.5,9.9,8.6,12,NA,73.9,57,0,0,623,0.80632741155239
2,2014,8,17,2014-08-17,68.3,64.7,1011.1,8.3,6.8,12,17.1,73.9,59,0.06,1,476,-0.106186865459645
1,2019,7,6,2019-07-06,68.9,67.6,1013.9,1.5,7.5,12,NA,73.9,59,0,1,471,-0.137224766038286
4,2015,10,13,2015-10-13,64.4,61.2,1003.5,6.5,8.3,12,NA,73.9,50,0.18,1,724,1.43329300324093
7,2018,9,14,2018-09-14,64.9,60.7,1024.2,9.2,7.1,12,NA,73.9,59,0.01,1,684,1.18498979861181
3,2018,7,9,2018-07-09,60.9,53.6,1023.2,10,6.7,12,NA,73.9,50,0,0,672,1.11049883722307
4,2014,6,24,2014-06-24,60,51.9,1022,10,5.3,12,NA,66.9,53.1,0,0,632,0.862195632593943
5,2013,10,23,2013-10-23,52.5,44.6,1005.8,9.8,7.9,12,NA,66.9,48,0,0,558,0.402834704030061
3,2019,10,14,2019-10-14,57.7,55.9,1015.7,7.1,6.5,12,NA,66.9,48,0.25,1,400,-0.577962954254983
3,2016,6,20,2016-06-20,61.4,55.9,1022.8,10,8.6,12,NA,66.9,54,0,0,745,1.56365218567122
2,2015,8,2,2015-08-02,75.9,64.8,1011.7,9,7.8,12,NA,82.9,66,0,0,550,0.353174063104236
4,2015,8,18,2015-08-18,74.5,71,1017.7,8.8,8.8,12,NA,82.9,70,0,1,623,0.80632741155239
3,2015,8,17,2015-08-17,74.1,70.4,1018.5,7.6,8,12,NA,82.9,70,0,0,592,0.613892427964818
7,2013,9,6,2013-09-06,60.3,47.8,1021.1,10,5.3,12,NA,75.9,52,0,0,524,0.191776980095305
2,2013,8,4,2013-08-04,69.4,61.9,1009.8,9,8.3,12,19,75.9,60.1,0.25,0,454,-0.242753628005664
5,2019,8,14,2019-08-14,71.1,68.7,1009.9,8.6,6.8,12,NA,75.9,66,0,0,537,0.272475521599771
4,2015,9,29,2015-09-29,69.3,65.6,1020.1,8.5,7.8,12,NA,75.9,61,0,0,557,0.396627123914333
5,2016,8,31,2016-08-31,70.4,65.7,1016,10,9.1,12,NA,75.9,59,0,0,661,1.04221545595006
6,2014,7,3,2014-07-03,69.1,67.3,1015.3,1.8,8.5,12,NA,75.9,66,0,1,740,1.53261428509258
4,2017,8,1,2017-08-01,68.2,64.8,1017.1,10,8.6,12,NA,75.9,50,0,0,705,1.3153489810421
3,2012,12,24,2012-12-24,37,19.8,1016.1,10,3,12,22,42.1,28.9,0,0,518,0.154531499400936
2,2016,2,7,2016-02-07,38.7,30.1,1022.3,10,6.7,12,NA,44.1,28,0,0,423,-0.435188611593236
1,2019,3,9,2019-03-09,35.1,22.7,1025.1,10,7.4,12,NA,44.1,19.9,0,0,523,0.185569399979577
6,2014,5,8,2014-05-08,52,43.4,1022.3,9.6,7.5,12,NA,62.1,46,0,0,596,0.63872274842773
6,2013,10,31,2013-10-31,54.8,50.9,1021.4,9.1,6,12,NA,62.1,34,0,0,615,0.756666770626565
7,2014,5,23,2014-05-23,54.9,48.6,1012.4,10,7.3,12,15.9,62.1,50,0.02,0,660,1.03600787583433
5,2018,1,3,2018-01-03,25.6,18.3,1025.1,10,6.7,12,NA,35.1,10.9,0,0,645,0.942894174098409
7,2016,11,25,2016-11-25,48.6,43.1,1023.9,10,6.9,12,NA,51.1,34,0,0,455,-0.236546047889936
5,2016,4,27,2016-04-27,45,36.9,1011.9,10,7.8,12,NA,51.1,41,0.24,0,510,0.104870858475111
3,2014,12,29,2014-12-29,41.2,27.8,1017.9,9.9,8.4,12,18.1,51.1,36,0.01,0,411,-0.509679572981974
2,2016,1,17,2016-01-17,40.2,32.3,1007.3,9.2,7.7,12,18.1,51.1,36,0.77,0,451,-0.261376368352849
3,2012,9,24,2012-09-24,59,40.4,1020,10,3.3,12,20,66.2,53.1,0,0,562,0.427665024492974
2,2013,7,28,2013-07-28,69.8,68,1015.8,5.7,6.5,12,22.9,75.2,66.2,0.12,1,485,-0.0503186444180922
5,2015,2,18,2015-02-18,30.6,24.5,1010.4,10,8.8,13,NA,36,16,0,0,626,0.824950151899574
6,2015,1,29,2015-01-29,29.2,20.9,1022.9,10,8.5,13,20,36,19,0,0,519,0.160739079516664
7,2019,4,12,2019-04-12,43.8,35.3,1027,10,8.4,13,NA,48,35.1,0,0,688,1.20982011907472
1,2018,5,12,2018-05-12,48.9,46.2,1021.1,9.5,7.3,13,NA,52,45,0,0,602,0.675968229122099
1,2013,3,30,2013-03-30,44.5,35.1,1017.4,10,7,13,17.1,52,37.9,0.02,0,513,0.123493598822295
3,2017,4,3,2017-04-03,43,31.7,1018,10,6.9,13,NA,54,32,0,0,646,0.949101754214137
4,2019,4,30,2019-04-30,45.6,40.5,1024.6,8.3,7.6,13,NA,54,42.1,0.31,0,587,0.582854527386177
7,2013,10,25,2013-10-25,48,30.2,1015.2,10,9.2,13,21,54,43,0,0,647,0.955309334329865
1,2017,9,30,2017-09-30,56.3,50.9,1020,9.8,8.3,13,NA,64,48,0,0,550,0.353174063104236
6,2019,5,16,2019-05-16,53.3,47.6,1010.2,10,8.2,13,NA,64,43,0,0,642,0.924271433751224
1,2014,4,12,2014-04-12,50.1,40.8,1019.1,8.5,8.6,13,NA,64,43,0,0,578,0.526986306344624
3,2014,10,6,2014-10-06,55.7,42.6,1018.6,10,6.9,13,NA,64,45,0,0,639,0.90564869340404
5,2019,10,30,2019-10-30,57.8,54.9,1025.6,8.4,7.9,13,NA,64,53.1,0,0,595,0.632515168312002
5,2013,5,22,2013-05-22,57.8,55.1,1013.8,2.5,7.1,13,17.1,64,53.1,0,1,570,0.477325665418799
2,2013,9,15,2013-09-15,61.2,50.7,1019.4,10,6.6,13,17.1,68,51.1,0,0,476,-0.106186865459645
1,2018,10,13,2018-10-13,53.2,44.9,1008.5,10,7.9,13,21,68,48.9,2.37,0,577,0.520778726228896
2,2019,4,14,2019-04-14,50.8,48.7,1014.4,2.7,7.7,13,NA,68,45,0.04,1,457,-0.22413088765848
6,2019,9,26,2019-09-26,64.7,61.4,1010.9,9.9,8,13,NA,72,57,0,0,645,0.942894174098409
5,2017,7,26,2017-07-26,63.6,58,1022.4,10,7.4,13,NA,72,55,0,0,635,0.880818372941127
3,2019,9,30,2019-09-30,56.3,48.8,1026.3,10,7.8,13,NA,72,48,0,0,435,-0.360697650204499
5,2018,10,10,2018-10-10,66.2,64.9,1021.4,3.9,9.1,13,NA,72,57.9,0,1,708,1.33397172138928
2,2013,6,9,2013-06-09,63.6,57.2,1019.3,6.9,8.1,13,NA,72,53.1,0.01,1,533,0.247645201136858
1,2013,6,15,2013-06-15,62.4,52.3,1011,10,7.4,13,NA,72,52,0.14,0,596,0.63872274842773
1,2013,9,21,2013-09-21,63.6,60.3,1015.6,9.9,7.8,13,NA,72,54,0.01,1,546,0.328343742641324
1,2018,9,29,2018-09-29,62.3,56.3,1020,9.8,6.6,13,NA,72,53.1,0.23,0,604,0.688383389353555
1,2019,6,1,2019-06-01,55.3,53.2,1010.9,6.2,6,13,NA,72,48.9,0.15,1,557,0.396627123914333
1,2012,8,25,2012-08-25,75.7,65.2,1023.6,7.3,3.2,13,18.1,84,62.6,0.01,1,474,-0.118602025691102
5,2012,7,18,2012-07-18,85.3,69.1,1008.9,7.2,3.7,13,20,100,73,0,1,559,0.409042284145789
3,2017,9,18,2017-09-18,65.7,65.5,1020.5,3.4,7.6,13,NA,73,60.1,0,1,672,1.11049883722307
7,2014,8,22,2014-08-22,63.9,60,1017.7,7.9,7.9,13,19,73,57.9,0.01,1,568,0.464910505187343
4,2013,7,2,2013-07-02,67.7,65.5,1022.2,4,9.5,13,18.1,73,64.9,0.04,1,601,0.669760649006371
2,2017,9,24,2017-09-24,65.3,64.3,1016.6,3.7,9.6,13,NA,73,60.1,0.05,1,587,0.582854527386177
6,2014,9,11,2014-09-11,64.4,60.3,1014.8,9.7,6.4,13,NA,73,54,0,0,619,0.781497091089477
2,2012,9,16,2012-09-16,65.1,46.5,1018.9,10,1.9,13,20,73,53.6,0,0,458,-0.217923307542752
6,2016,6,2,2016-06-02,55.7,53.5,1021.8,6.8,9.3,13,15,73,52,0.01,1,683,1.17878221849608
5,2019,9,25,2019-09-25,63.8,54.6,1009.9,10,9.7,13,17.1,73,59,0,0,604,0.688383389353555
3,2017,7,10,2017-07-10,68.3,66.1,1018.2,9.6,9,13,NA,77,62.1,0,0,667,1.07946093664443
6,2016,9,8,2016-09-08,68.5,66.8,1012,6.3,9,13,NA,77,66,0.01,1,717,1.38983994243083
5,2015,8,12,2015-08-12,71.9,67.4,1008.9,7.2,7.9,13,NA,77,64,1.01,1,643,0.930479013866952
5,2017,10,11,2017-10-11,62.1,58.7,1019.7,10,6.9,13,NA,77,55.9,0,0,628,0.83736531213103
6,2015,8,27,2015-08-27,72.3,60.6,1014.9,10,8.5,13,NA,81,62.1,0,0,614,0.750459190510837
1,2016,8,20,2016-08-20,69.1,62.1,1015.2,10,8.5,13,NA,81,63,0,0,579,0.533193886460352
5,2016,7,20,2016-07-20,68.3,55.6,1020.9,10,6.9,13,NA,81,60.1,0,0,698,1.271895920232
5,2015,9,16,2015-09-16,72.8,61.9,1024.8,10,6.2,13,NA,81,64,0,0,748,1.58227492601841
5,2016,7,6,2016-07-06,71.8,65.3,1009.9,8.6,6.5,13,NA,81,64,1.5,1,680,1.16015947814889
3,2015,7,20,2015-07-20,73.4,69.9,1005.9,4.1,9.3,13,NA,81,69.1,0,1,727,1.45191574358812
2,2015,1,11,2015-01-11,27.1,12.1,1035.5,10,8.8,13,17.1,37,19.9,0,0,341,-0.944210181082943
5,2015,1,14,2015-01-14,32.1,24,1031.2,8,9.6,13,22.9,37,26.1,0.15,0,506,0.0800405380121985
5,2015,1,21,2015-01-21,32.3,17.7,1018.1,10,7.9,13,NA,39,25,0,0,495,0.0117571567391891
1,2015,3,21,2015-03-21,34.2,31,1016.6,7,8.5,13,NA,41,21.9,0.02,0,507,0.0862481181279267
7,2017,1,6,2017-01-06,31.7,25.8,1015.2,6.1,8.9,13,NA,41,28.9,0.03,1,600,0.663553068890643
4,2016,12,20,2016-12-20,34.8,25.3,1033.2,10,7,13,NA,41,30,0,0,719,1.40225510266229
1,2017,3,18,2017-03-18,34.7,23.9,1024,10,7.5,13,19,43,21.9,0,0,504,0.0676253777807423
7,2016,1,15,2016-01-15,36.5,25.6,1014.8,10,7.2,13,NA,45,24.1,0,0,722,1.42087784300947
5,2017,4,12,2017-04-12,49.1,45.1,1020.6,8.3,9.9,13,NA,55,46,0,0,540,0.291098261946955
2,2016,5,1,2016-05-01,45.2,36.3,1024,9.7,6.1,13,NA,55,37,0,0,484,-0.0565262245338203
2,2015,12,6,2015-12-06,45.4,40.9,1032.5,8.5,6.2,13,NA,55,34,0,1,485,-0.0503186444180922
